MES/AÑO,TIPO CLIENTES,PRODUCTO,PRECIO POR TON (USD)
201801,CLIENTES GRANDES,A1,11974.78
201801,CLIENTES GRANDES,A2,16001.06
201801,CLIENTES GRANDES,A3,17422.30
201801,CLIENTES GRANDES,A4,13909.82
201801,CLIENTES GRANDES,A5,16142.56
201801,CLIENTES GRANDES,A6,16008.79
201801,CLIENTES GRANDES,A7,15643.92
201801,CLIENTES GRANDES,A8,11274.96
201801,CLIENTES GRANDES,A9,8664.26
201801,CLIENTES GRANDES,A10,20454.33
201801,CLIENTES GRANDES,A11,24241.60
201801,CLIENTES GRANDES,A12,24817.20
201801,CLIENTES GRANDES,A13,19390.87
201801,CLIENTES GRANDES,A14,20895.39
201801,CLIENTES GRANDES,A15,14298.85
201801,CLIENTES GRANDES,A16,16873.91
201801,CLIENTES GRANDES,A17,17221.60
201801,CLIENTES GRANDES,A18,10487.63
201801,CLIENTES GRANDES,A19,15580.92
201801,CLIENTES GRANDES,A20,12020.12
201801,CLIENTES GRANDES,A21,8875.43
201801,CLIENTES GRANDES,A22,17406.87
201801,CLIENTES GRANDES,A23,12684.89
201801,CLIENTES GRANDES,A24,12871.87
201801,CLIENTES PEQUEÑOS,A1,11974.78
201801,CLIENTES PEQUEÑOS,A2,16001.06
201801,CLIENTES PEQUEÑOS,A3,17422.30
201801,CLIENTES PEQUEÑOS,A4,13909.82
201801,CLIENTES PEQUEÑOS,A5,16142.56
201801,CLIENTES PEQUEÑOS,A6,16008.79
201801,CLIENTES PEQUEÑOS,A7,15643.92
201801,CLIENTES PEQUEÑOS,A8,11274.96
201801,CLIENTES PEQUEÑOS,A9,8664.26
201801,CLIENTES PEQUEÑOS,A10,20454.33
201801,CLIENTES PEQUEÑOS,A11,24241.60
201801,CLIENTES PEQUEÑOS,A14,20895.39
201801,CLIENTES PEQUEÑOS,A15,14298.85
201801,CLIENTES PEQUEÑOS,A16,16873.91
201801,CLIENTES PEQUEÑOS,A17,17221.60
201801,CLIENTES PEQUEÑOS,A18,10487.63
201801,CLIENTES PEQUEÑOS,A19,15580.92
201801,CLIENTES PEQUEÑOS,A20,12020.12
201801,CLIENTES PEQUEÑOS,A21,8875.43
201801,CLIENTES PEQUEÑOS,A22,17406.87
201801,CLIENTES PEQUEÑOS,A23,12684.89
201802,CLIENTES GRANDES,A1,11591.00
201802,CLIENTES GRANDES,A2,15518.31
201802,CLIENTES GRANDES,A3,17186.17
201802,CLIENTES GRANDES,A4,13835.55
201802,CLIENTES GRANDES,A5,15634.42
201802,CLIENTES GRANDES,A6,15593.53
201802,CLIENTES GRANDES,A7,15605.04
201802,CLIENTES GRANDES,A8,10832.29
201802,CLIENTES GRANDES,A9,8423.17
201802,CLIENTES GRANDES,A10,20012.53
201802,CLIENTES GRANDES,A11,24363.19
201802,CLIENTES GRANDES,A12,23210.23
201802,CLIENTES GRANDES,A13,18391.14
201802,CLIENTES GRANDES,A14,18842.47
201802,CLIENTES GRANDES,A15,13650.49
201802,CLIENTES GRANDES,A16,15963.13
201802,CLIENTES GRANDES,A17,16853.20
201802,CLIENTES GRANDES,A18,10228.02
201802,CLIENTES GRANDES,A19,14904.47
201802,CLIENTES GRANDES,A20,11232.34
201802,CLIENTES GRANDES,A21,8401.41
201802,CLIENTES GRANDES,A22,17069.58
201802,CLIENTES GRANDES,A23,12354.49
201802,CLIENTES GRANDES,A24,12706.85
201802,CLIENTES PEQUEÑOS,A1,11591.00
201802,CLIENTES PEQUEÑOS,A2,15518.31
201802,CLIENTES PEQUEÑOS,A3,17186.17
201802,CLIENTES PEQUEÑOS,A4,13835.55
201802,CLIENTES PEQUEÑOS,A5,15634.42
201802,CLIENTES PEQUEÑOS,A6,15593.53
201802,CLIENTES PEQUEÑOS,A7,15605.04
201802,CLIENTES PEQUEÑOS,A8,10832.29
201802,CLIENTES PEQUEÑOS,A9,8423.17
201802,CLIENTES PEQUEÑOS,A10,20012.53
201802,CLIENTES PEQUEÑOS,A11,24363.19
201802,CLIENTES PEQUEÑOS,A14,18842.47
201802,CLIENTES PEQUEÑOS,A15,13650.49
201802,CLIENTES PEQUEÑOS,A16,15963.13
201802,CLIENTES PEQUEÑOS,A17,16853.20
201802,CLIENTES PEQUEÑOS,A18,10228.02
201802,CLIENTES PEQUEÑOS,A19,14904.47
201802,CLIENTES PEQUEÑOS,A20,11232.34
201802,CLIENTES PEQUEÑOS,A21,8401.41
201802,CLIENTES PEQUEÑOS,A22,17069.58
201802,CLIENTES PEQUEÑOS,A23,12354.49
201803,CLIENTES GRANDES,A1,11928.65
201803,CLIENTES GRANDES,A2,16254.96
201803,CLIENTES GRANDES,A3,17242.35
201803,CLIENTES GRANDES,A4,13485.25
201803,CLIENTES GRANDES,A5,16070.42
201803,CLIENTES GRANDES,A6,16261.27
201803,CLIENTES GRANDES,A7,16261.48
201803,CLIENTES GRANDES,A8,11260.31
201803,CLIENTES GRANDES,A9,8650.74
201803,CLIENTES GRANDES,A10,20427.00
201803,CLIENTES GRANDES,A11,23229.52
201803,CLIENTES GRANDES,A12,25542.28
201803,CLIENTES GRANDES,A13,19699.94
201803,CLIENTES GRANDES,A14,18753.23
201803,CLIENTES GRANDES,A15,13793.47
201803,CLIENTES GRANDES,A16,16321.40
201803,CLIENTES GRANDES,A17,17255.00
201803,CLIENTES GRANDES,A18,10726.62
201803,CLIENTES GRANDES,A19,15742.37
201803,CLIENTES GRANDES,A20,12307.80
201803,CLIENTES GRANDES,A21,9070.67
201803,CLIENTES GRANDES,A22,17574.58
201803,CLIENTES GRANDES,A23,13024.49
201803,CLIENTES GRANDES,A24,12762.10
201803,CLIENTES PEQUEÑOS,A1,11928.65
201803,CLIENTES PEQUEÑOS,A2,16254.96
201803,CLIENTES PEQUEÑOS,A3,17242.35
201803,CLIENTES PEQUEÑOS,A4,13485.25
201803,CLIENTES PEQUEÑOS,A5,16070.42
201803,CLIENTES PEQUEÑOS,A6,16261.27
201803,CLIENTES PEQUEÑOS,A7,16261.48
201803,CLIENTES PEQUEÑOS,A8,11260.31
201803,CLIENTES PEQUEÑOS,A9,8650.74
201803,CLIENTES PEQUEÑOS,A10,20427.00
201803,CLIENTES PEQUEÑOS,A11,23229.52
201803,CLIENTES PEQUEÑOS,A14,18753.23
201803,CLIENTES PEQUEÑOS,A15,13793.47
201803,CLIENTES PEQUEÑOS,A16,16321.40
201803,CLIENTES PEQUEÑOS,A17,17255.00
201803,CLIENTES PEQUEÑOS,A18,10726.62
201803,CLIENTES PEQUEÑOS,A19,15742.37
201803,CLIENTES PEQUEÑOS,A20,12307.80
201803,CLIENTES PEQUEÑOS,A21,9070.67
201803,CLIENTES PEQUEÑOS,A22,17574.58
201803,CLIENTES PEQUEÑOS,A23,13024.49
201804,CLIENTES GRANDES,A1,11731.65
201804,CLIENTES GRANDES,A2,16170.84
201804,CLIENTES GRANDES,A3,17219.39
201804,CLIENTES GRANDES,A4,14531.94
201804,CLIENTES GRANDES,A5,16075.52
201804,CLIENTES GRANDES,A6,15619.35
201804,CLIENTES GRANDES,A7,16088.05
201804,CLIENTES GRANDES,A8,11416.32
201804,CLIENTES GRANDES,A9,8530.09
201804,CLIENTES GRANDES,A10,20425.50
201804,CLIENTES GRANDES,A11,27467.82
201804,CLIENTES GRANDES,A12,24418.65
201804,CLIENTES GRANDES,A13,19137.66
201804,CLIENTES GRANDES,A14,20510.12
201804,CLIENTES GRANDES,A15,13843.19
201804,CLIENTES GRANDES,A16,16413.03
201804,CLIENTES GRANDES,A17,16882.12
201804,CLIENTES GRANDES,A18,10454.63
201804,CLIENTES GRANDES,A19,16040.87
201804,CLIENTES GRANDES,A20,12093.98
201804,CLIENTES GRANDES,A21,9184.78
201804,CLIENTES GRANDES,A22,17219.93
201804,CLIENTES GRANDES,A23,12675.26
201804,CLIENTES GRANDES,A24,11596.52
201804,CLIENTES PEQUEÑOS,A1,11731.65
201804,CLIENTES PEQUEÑOS,A2,16170.84
201804,CLIENTES PEQUEÑOS,A3,17219.39
201804,CLIENTES PEQUEÑOS,A4,14531.94
201804,CLIENTES PEQUEÑOS,A5,16075.52
201804,CLIENTES PEQUEÑOS,A6,15619.35
201804,CLIENTES PEQUEÑOS,A7,16088.05
201804,CLIENTES PEQUEÑOS,A8,11416.32
201804,CLIENTES PEQUEÑOS,A9,8530.09
201804,CLIENTES PEQUEÑOS,A10,20425.50
201804,CLIENTES PEQUEÑOS,A11,27467.82
201804,CLIENTES PEQUEÑOS,A14,20510.12
201804,CLIENTES PEQUEÑOS,A15,13843.19
201804,CLIENTES PEQUEÑOS,A16,16413.03
201804,CLIENTES PEQUEÑOS,A17,16882.12
201804,CLIENTES PEQUEÑOS,A18,10454.63
201804,CLIENTES PEQUEÑOS,A19,16040.87
201804,CLIENTES PEQUEÑOS,A20,12093.98
201804,CLIENTES PEQUEÑOS,A21,9184.78
201804,CLIENTES PEQUEÑOS,A22,17219.93
201804,CLIENTES PEQUEÑOS,A23,12675.26
201805,CLIENTES GRANDES,A1,11784.40
201805,CLIENTES GRANDES,A2,15571.30
201805,CLIENTES GRANDES,A3,17204.57
201805,CLIENTES GRANDES,A4,13923.89
201805,CLIENTES GRANDES,A5,15667.79
201805,CLIENTES GRANDES,A6,15889.62
201805,CLIENTES GRANDES,A7,15267.95
201805,CLIENTES GRANDES,A8,11131.57
201805,CLIENTES GRANDES,A9,8655.54
201805,CLIENTES GRANDES,A10,20293.05
201805,CLIENTES GRANDES,A11,22856.87
201805,CLIENTES GRANDES,A12,24537.48
201805,CLIENTES GRANDES,A13,19155.35
201805,CLIENTES GRANDES,A14,19200.99
201805,CLIENTES GRANDES,A15,13845.47
201805,CLIENTES GRANDES,A16,16299.12
201805,CLIENTES GRANDES,A17,17375.34
201805,CLIENTES GRANDES,A18,10399.84
201805,CLIENTES GRANDES,A19,15626.82
201805,CLIENTES GRANDES,A20,11838.31
201805,CLIENTES GRANDES,A21,8635.31
201805,CLIENTES GRANDES,A22,17360.72
201805,CLIENTES GRANDES,A23,12709.14
201805,CLIENTES GRANDES,A24,12553.52
201805,CLIENTES PEQUEÑOS,A1,11784.40
201805,CLIENTES PEQUEÑOS,A2,15571.30
201805,CLIENTES PEQUEÑOS,A3,17204.57
201805,CLIENTES PEQUEÑOS,A4,13923.89
201805,CLIENTES PEQUEÑOS,A5,15667.79
201805,CLIENTES PEQUEÑOS,A6,15889.62
201805,CLIENTES PEQUEÑOS,A7,15267.95
201805,CLIENTES PEQUEÑOS,A8,11131.57
201805,CLIENTES PEQUEÑOS,A9,8655.54
201805,CLIENTES PEQUEÑOS,A10,20293.05
201805,CLIENTES PEQUEÑOS,A11,22856.87
201805,CLIENTES PEQUEÑOS,A14,19200.99
201805,CLIENTES PEQUEÑOS,A15,13845.47
201805,CLIENTES PEQUEÑOS,A16,16299.12
201805,CLIENTES PEQUEÑOS,A17,17375.34
201805,CLIENTES PEQUEÑOS,A18,10399.84
201805,CLIENTES PEQUEÑOS,A19,15626.82
201805,CLIENTES PEQUEÑOS,A20,11838.31
201805,CLIENTES PEQUEÑOS,A21,8635.31
201805,CLIENTES PEQUEÑOS,A22,17360.72
201805,CLIENTES PEQUEÑOS,A23,12709.14
201806,CLIENTES GRANDES,A1,11787.50
201806,CLIENTES GRANDES,A2,16129.09
201806,CLIENTES GRANDES,A3,17564.15
201806,CLIENTES GRANDES,A4,13341.50
201806,CLIENTES GRANDES,A5,16314.00
201806,CLIENTES GRANDES,A6,16586.64
201806,CLIENTES GRANDES,A7,17071.14
201806,CLIENTES GRANDES,A8,11236.47
201806,CLIENTES GRANDES,A9,8361.01
201806,CLIENTES GRANDES,A10,21009.78
201806,CLIENTES GRANDES,A11,25434.72
201806,CLIENTES GRANDES,A12,24295.48
201806,CLIENTES GRANDES,A13,19127.94
201806,CLIENTES GRANDES,A14,19255.74
201806,CLIENTES GRANDES,A15,13814.25
201806,CLIENTES GRANDES,A16,16499.78
201806,CLIENTES GRANDES,A17,19316.25
201806,CLIENTES GRANDES,A18,10427.74
201806,CLIENTES GRANDES,A19,15600.37
201806,CLIENTES GRANDES,A20,11923.43
201806,CLIENTES GRANDES,A21,9121.20
201806,CLIENTES GRANDES,A22,18610.40
201806,CLIENTES GRANDES,A23,12963.90
201806,CLIENTES GRANDES,A24,13941.50
201806,CLIENTES PEQUEÑOS,A1,11787.50
201806,CLIENTES PEQUEÑOS,A2,16129.09
201806,CLIENTES PEQUEÑOS,A3,17564.15
201806,CLIENTES PEQUEÑOS,A4,13341.50
201806,CLIENTES PEQUEÑOS,A5,16314.00
201806,CLIENTES PEQUEÑOS,A6,16586.64
201806,CLIENTES PEQUEÑOS,A7,17071.14
201806,CLIENTES PEQUEÑOS,A8,11236.47
201806,CLIENTES PEQUEÑOS,A9,8361.01
201806,CLIENTES PEQUEÑOS,A10,21009.78
201806,CLIENTES PEQUEÑOS,A11,25434.72
201806,CLIENTES PEQUEÑOS,A14,19255.74
201806,CLIENTES PEQUEÑOS,A15,13814.25
201806,CLIENTES PEQUEÑOS,A16,16499.78
201806,CLIENTES PEQUEÑOS,A17,19316.25
201806,CLIENTES PEQUEÑOS,A18,10427.74
201806,CLIENTES PEQUEÑOS,A19,15600.37
201806,CLIENTES PEQUEÑOS,A20,11923.43
201806,CLIENTES PEQUEÑOS,A21,9121.20
201806,CLIENTES PEQUEÑOS,A22,18610.40
201806,CLIENTES PEQUEÑOS,A23,12963.90
201807,CLIENTES GRANDES,A1,12092.74
201807,CLIENTES GRANDES,A2,16200.82
201807,CLIENTES GRANDES,A3,17450.13
201807,CLIENTES GRANDES,A4,14233.95
201807,CLIENTES GRANDES,A5,15961.42
201807,CLIENTES GRANDES,A6,16064.50
201807,CLIENTES GRANDES,A7,15893.10
201807,CLIENTES GRANDES,A8,10893.38
201807,CLIENTES GRANDES,A9,8893.83
201807,CLIENTES GRANDES,A10,20547.30
201807,CLIENTES GRANDES,A11,23855.35
201807,CLIENTES GRANDES,A12,24740.67
201807,CLIENTES GRANDES,A13,19173.81
201807,CLIENTES GRANDES,A14,19064.63
201807,CLIENTES GRANDES,A15,13598.52
201807,CLIENTES GRANDES,A16,16081.02
201807,CLIENTES GRANDES,A17,17090.32
201807,CLIENTES GRANDES,A18,10613.92
201807,CLIENTES GRANDES,A19,15553.09
201807,CLIENTES GRANDES,A20,11808.52
201807,CLIENTES GRANDES,A21,8823.94
201807,CLIENTES GRANDES,A22,17496.13
201807,CLIENTES GRANDES,A23,12646.57
201807,CLIENTES GRANDES,A24,12408.48
201807,CLIENTES PEQUEÑOS,A1,12092.74
201807,CLIENTES PEQUEÑOS,A2,16200.82
201807,CLIENTES PEQUEÑOS,A3,17450.13
201807,CLIENTES PEQUEÑOS,A4,14233.95
201807,CLIENTES PEQUEÑOS,A5,15961.42
201807,CLIENTES PEQUEÑOS,A6,16064.50
201807,CLIENTES PEQUEÑOS,A7,15893.10
201807,CLIENTES PEQUEÑOS,A8,10893.38
201807,CLIENTES PEQUEÑOS,A9,8893.83
201807,CLIENTES PEQUEÑOS,A10,20547.30
201807,CLIENTES PEQUEÑOS,A11,23855.35
201807,CLIENTES PEQUEÑOS,A14,19064.63
201807,CLIENTES PEQUEÑOS,A15,13598.52
201807,CLIENTES PEQUEÑOS,A16,16081.02
201807,CLIENTES PEQUEÑOS,A17,17090.32
201807,CLIENTES PEQUEÑOS,A18,10613.92
201807,CLIENTES PEQUEÑOS,A19,15553.09
201807,CLIENTES PEQUEÑOS,A20,11808.52
201807,CLIENTES PEQUEÑOS,A21,8823.94
201807,CLIENTES PEQUEÑOS,A22,17496.13
201807,CLIENTES PEQUEÑOS,A23,12646.57
201808,CLIENTES GRANDES,A1,11251.50
201808,CLIENTES GRANDES,A2,15952.03
201808,CLIENTES GRANDES,A3,17046.14
201808,CLIENTES GRANDES,A4,13403.60
201808,CLIENTES GRANDES,A5,15970.93
201808,CLIENTES GRANDES,A6,15477.10
201808,CLIENTES GRANDES,A7,14669.19
201808,CLIENTES GRANDES,A8,11109.45
201808,CLIENTES GRANDES,A9,8511.34
201808,CLIENTES GRANDES,A10,20198.99
201808,CLIENTES GRANDES,A11,23491.48
201808,CLIENTES GRANDES,A12,24634.72
201808,CLIENTES GRANDES,A13,19205.90
201808,CLIENTES GRANDES,A14,33369.89
201808,CLIENTES GRANDES,A15,13406.94
201808,CLIENTES GRANDES,A16,15879.21
201808,CLIENTES GRANDES,A17,16555.46
201808,CLIENTES GRANDES,A18,10393.26
201808,CLIENTES GRANDES,A19,19866.89
201808,CLIENTES GRANDES,A20,11485.16
201808,CLIENTES GRANDES,A21,8289.11
201808,CLIENTES GRANDES,A22,17004.35
201808,CLIENTES GRANDES,A23,12460.56
201808,CLIENTES GRANDES,A24,12430.68
201808,CLIENTES PEQUEÑOS,A1,11251.50
201808,CLIENTES PEQUEÑOS,A2,15952.03
201808,CLIENTES PEQUEÑOS,A3,17046.14
201808,CLIENTES PEQUEÑOS,A4,13403.60
201808,CLIENTES PEQUEÑOS,A5,15970.93
201808,CLIENTES PEQUEÑOS,A6,15477.10
201808,CLIENTES PEQUEÑOS,A7,14669.19
201808,CLIENTES PEQUEÑOS,A8,11109.45
201808,CLIENTES PEQUEÑOS,A9,8511.34
201808,CLIENTES PEQUEÑOS,A10,20198.99
201808,CLIENTES PEQUEÑOS,A11,23491.48
201808,CLIENTES PEQUEÑOS,A14,33369.89
201808,CLIENTES PEQUEÑOS,A15,13406.94
201808,CLIENTES PEQUEÑOS,A16,15879.21
201808,CLIENTES PEQUEÑOS,A17,16555.46
201808,CLIENTES PEQUEÑOS,A18,10393.26
201808,CLIENTES PEQUEÑOS,A19,19866.89
201808,CLIENTES PEQUEÑOS,A20,11485.16
201808,CLIENTES PEQUEÑOS,A21,8289.11
201808,CLIENTES PEQUEÑOS,A22,17004.35
201808,CLIENTES PEQUEÑOS,A23,12460.56
201809,CLIENTES GRANDES,A1,12276.74
201809,CLIENTES GRANDES,A2,16025.89
201809,CLIENTES GRANDES,A3,17734.58
201809,CLIENTES GRANDES,A4,14152.09
201809,CLIENTES GRANDES,A5,16272.67
201809,CLIENTES GRANDES,A6,17040.83
201809,CLIENTES GRANDES,A7,18048.10
201809,CLIENTES GRANDES,A8,11555.18
201809,CLIENTES GRANDES,A9,8555.65
201809,CLIENTES GRANDES,A10,20635.21
201809,CLIENTES GRANDES,A11,25643.67
201809,CLIENTES GRANDES,A12,24482.61
201809,CLIENTES GRANDES,A13,19131.63
201809,CLIENTES GRANDES,A14,15946.74
201809,CLIENTES GRANDES,A15,13881.66
201809,CLIENTES GRANDES,A16,17412.65
201809,CLIENTES GRANDES,A17,18080.01
201809,CLIENTES GRANDES,A18,10666.94
201809,CLIENTES GRANDES,A19,14471.56
201809,CLIENTES GRANDES,A20,12302.08
201809,CLIENTES GRANDES,A21,9704.02
201809,CLIENTES GRANDES,A22,18040.83
201809,CLIENTES GRANDES,A23,12725.42
201809,CLIENTES GRANDES,A24,12858.74
201809,CLIENTES PEQUEÑOS,A1,12276.74
201809,CLIENTES PEQUEÑOS,A2,16025.89
201809,CLIENTES PEQUEÑOS,A3,17734.58
201809,CLIENTES PEQUEÑOS,A4,14152.09
201809,CLIENTES PEQUEÑOS,A5,16272.67
201809,CLIENTES PEQUEÑOS,A6,17040.83
201809,CLIENTES PEQUEÑOS,A7,18048.10
201809,CLIENTES PEQUEÑOS,A8,11555.18
201809,CLIENTES PEQUEÑOS,A9,8555.65
201809,CLIENTES PEQUEÑOS,A10,20635.21
201809,CLIENTES PEQUEÑOS,A11,25643.67
201809,CLIENTES PEQUEÑOS,A14,15946.74
201809,CLIENTES PEQUEÑOS,A15,13881.66
201809,CLIENTES PEQUEÑOS,A16,17412.65
201809,CLIENTES PEQUEÑOS,A17,18080.01
201809,CLIENTES PEQUEÑOS,A18,10666.94
201809,CLIENTES PEQUEÑOS,A19,14471.56
201809,CLIENTES PEQUEÑOS,A20,12302.08
201809,CLIENTES PEQUEÑOS,A21,9704.02
201809,CLIENTES PEQUEÑOS,A22,18040.83
201809,CLIENTES PEQUEÑOS,A23,12725.42
201810,CLIENTES GRANDES,A1,10803.74
201810,CLIENTES GRANDES,A2,14609.19
201810,CLIENTES GRANDES,A3,15038.10
201810,CLIENTES GRANDES,A4,12210.58
201810,CLIENTES GRANDES,A5,14297.77
201810,CLIENTES GRANDES,A6,15105.65
201810,CLIENTES GRANDES,A7,15338.67
201810,CLIENTES GRANDES,A8,9502.96
201810,CLIENTES GRANDES,A9,6649.96
201810,CLIENTES GRANDES,A10,17142.49
201810,CLIENTES GRANDES,A11,21364.75
201810,CLIENTES GRANDES,A12,20250.44
201810,CLIENTES GRANDES,A13,15345.02
201810,CLIENTES GRANDES,A14,17898.20
201810,CLIENTES GRANDES,A15,14208.55
201810,CLIENTES GRANDES,A16,15498.88
201810,CLIENTES GRANDES,A17,13632.80
201810,CLIENTES GRANDES,A18,7626.03
201810,CLIENTES GRANDES,A19,13795.40
201810,CLIENTES GRANDES,A20,10215.37
201810,CLIENTES GRANDES,A21,6955.38
201810,CLIENTES GRANDES,A22,12853.11
201810,CLIENTES GRANDES,A23,11245.41
201810,CLIENTES GRANDES,A24,12213.00
201810,CLIENTES PEQUEÑOS,A1,10803.74
201810,CLIENTES PEQUEÑOS,A2,14609.19
201810,CLIENTES PEQUEÑOS,A3,15038.10
201810,CLIENTES PEQUEÑOS,A4,12210.58
201810,CLIENTES PEQUEÑOS,A5,14297.77
201810,CLIENTES PEQUEÑOS,A6,15105.65
201810,CLIENTES PEQUEÑOS,A7,15338.67
201810,CLIENTES PEQUEÑOS,A8,9502.96
201810,CLIENTES PEQUEÑOS,A9,6649.96
201810,CLIENTES PEQUEÑOS,A10,17142.49
201810,CLIENTES PEQUEÑOS,A11,21364.75
201810,CLIENTES PEQUEÑOS,A14,17898.20
201810,CLIENTES PEQUEÑOS,A15,14208.55
201810,CLIENTES PEQUEÑOS,A16,15498.88
201810,CLIENTES PEQUEÑOS,A17,13632.80
201810,CLIENTES PEQUEÑOS,A18,7626.03
201810,CLIENTES PEQUEÑOS,A19,13795.40
201810,CLIENTES PEQUEÑOS,A20,10215.37
201810,CLIENTES PEQUEÑOS,A21,6955.38
201810,CLIENTES PEQUEÑOS,A22,12853.11
201810,CLIENTES PEQUEÑOS,A23,11245.41
201811,CLIENTES GRANDES,A1,12686.58
201811,CLIENTES GRANDES,A2,16005.94
201811,CLIENTES GRANDES,A3,19323.47
201811,CLIENTES GRANDES,A4,15783.62
201811,CLIENTES GRANDES,A5,18515.17
201811,CLIENTES GRANDES,A6,17140.83
201811,CLIENTES GRANDES,A7,17033.28
201811,CLIENTES GRANDES,A8,12380.20
201811,CLIENTES GRANDES,A9,9787.09
201811,CLIENTES GRANDES,A10,24204.28
201811,CLIENTES GRANDES,A11,26570.94
201811,CLIENTES GRANDES,A12,30427.55
201811,CLIENTES GRANDES,A13,25135.93
201811,CLIENTES GRANDES,A14,19860.82
201811,CLIENTES GRANDES,A15,15008.66
201811,CLIENTES GRANDES,A16,17742.66
201811,CLIENTES GRANDES,A17,21236.42
201811,CLIENTES GRANDES,A18,13154.32
201811,CLIENTES GRANDES,A19,17320.67
201811,CLIENTES GRANDES,A20,12772.92
201811,CLIENTES GRANDES,A21,10535.50
201811,CLIENTES GRANDES,A22,26204.38
201811,CLIENTES GRANDES,A23,13822.80
201811,CLIENTES GRANDES,A24,13081.64
201811,CLIENTES PEQUEÑOS,A1,12686.58
201811,CLIENTES PEQUEÑOS,A2,16005.94
201811,CLIENTES PEQUEÑOS,A3,19323.47
201811,CLIENTES PEQUEÑOS,A4,15783.62
201811,CLIENTES PEQUEÑOS,A5,18515.17
201811,CLIENTES PEQUEÑOS,A6,17140.83
201811,CLIENTES PEQUEÑOS,A7,17033.28
201811,CLIENTES PEQUEÑOS,A8,12380.20
201811,CLIENTES PEQUEÑOS,A9,9787.09
201811,CLIENTES PEQUEÑOS,A10,24204.28
201811,CLIENTES PEQUEÑOS,A11,26570.94
201811,CLIENTES PEQUEÑOS,A14,19860.82
201811,CLIENTES PEQUEÑOS,A15,15008.66
201811,CLIENTES PEQUEÑOS,A16,17742.66
201811,CLIENTES PEQUEÑOS,A17,21236.42
201811,CLIENTES PEQUEÑOS,A18,13154.32
201811,CLIENTES PEQUEÑOS,A19,17320.67
201811,CLIENTES PEQUEÑOS,A20,12772.92
201811,CLIENTES PEQUEÑOS,A21,10535.50
201811,CLIENTES PEQUEÑOS,A22,26204.38
201811,CLIENTES PEQUEÑOS,A23,13822.80
201812,CLIENTES GRANDES,A1,12371.43
201812,CLIENTES GRANDES,A2,17453.13
201812,CLIENTES GRANDES,A3,18181.97
201812,CLIENTES GRANDES,A4,14035.08
201812,CLIENTES GRANDES,A5,16797.53
201812,CLIENTES GRANDES,A6,16967.78
201812,CLIENTES GRANDES,A7,17073.35
201812,CLIENTES GRANDES,A8,11469.10
201812,CLIENTES GRANDES,A9,8614.70
201812,CLIENTES GRANDES,A10,21283.18
201812,CLIENTES GRANDES,A11,24745.95
201812,CLIENTES GRANDES,A12,24664.72
201812,CLIENTES GRANDES,A13,19333.85
201812,CLIENTES GRANDES,A14,19594.38
201812,CLIENTES GRANDES,A15,14600.71
201812,CLIENTES GRANDES,A16,17722.47
201812,CLIENTES GRANDES,A17,17914.99
201812,CLIENTES GRANDES,A18,10705.60
201812,CLIENTES GRANDES,A19,16096.75
201812,CLIENTES GRANDES,A20,12349.94
201812,CLIENTES GRANDES,A21,9148.23
201812,CLIENTES GRANDES,A22,17658.16
201812,CLIENTES GRANDES,A23,13177.84
201812,CLIENTES GRANDES,A24,13033.72
201812,CLIENTES PEQUEÑOS,A1,12371.43
201812,CLIENTES PEQUEÑOS,A2,17453.13
201812,CLIENTES PEQUEÑOS,A3,18181.97
201812,CLIENTES PEQUEÑOS,A4,14035.08
201812,CLIENTES PEQUEÑOS,A5,16797.53
201812,CLIENTES PEQUEÑOS,A6,16967.78
201812,CLIENTES PEQUEÑOS,A7,17073.35
201812,CLIENTES PEQUEÑOS,A8,11469.10
201812,CLIENTES PEQUEÑOS,A9,8614.70
201812,CLIENTES PEQUEÑOS,A10,21283.18
201812,CLIENTES PEQUEÑOS,A11,24745.95
201812,CLIENTES PEQUEÑOS,A14,19594.38
201812,CLIENTES PEQUEÑOS,A15,14600.71
201812,CLIENTES PEQUEÑOS,A16,17722.47
201812,CLIENTES PEQUEÑOS,A17,17914.99
201812,CLIENTES PEQUEÑOS,A18,10705.60
201812,CLIENTES PEQUEÑOS,A19,16096.75
201812,CLIENTES PEQUEÑOS,A20,12349.94
201812,CLIENTES PEQUEÑOS,A21,9148.23
201812,CLIENTES PEQUEÑOS,A22,17658.16
201812,CLIENTES PEQUEÑOS,A23,13177.84
201901,CLIENTES GRANDES,A1,10808.19
201901,CLIENTES GRANDES,A2,15686.01
201901,CLIENTES GRANDES,A3,16710.75
201901,CLIENTES GRANDES,A4,13137.49
201901,CLIENTES GRANDES,A5,15767.03
201901,CLIENTES GRANDES,A6,16498.20
201901,CLIENTES GRANDES,A7,16470.89
201901,CLIENTES GRANDES,A8,11021.90
201901,CLIENTES GRANDES,A9,8316.18
201901,CLIENTES GRANDES,A10,20230.37
201901,CLIENTES GRANDES,A11,24564.45
201901,CLIENTES GRANDES,A12,24529.64
201901,CLIENTES GRANDES,A13,18580.53
201901,CLIENTES GRANDES,A14,19239.75
201901,CLIENTES GRANDES,A15,14297.45
201901,CLIENTES GRANDES,A16,16848.05
201901,CLIENTES GRANDES,A17,17061.85
201901,CLIENTES GRANDES,A18,10161.29
201901,CLIENTES GRANDES,A19,15576.45
201901,CLIENTES GRANDES,A20,11491.02
201901,CLIENTES GRANDES,A21,8968.41
201901,CLIENTES GRANDES,A22,17339.46
201901,CLIENTES GRANDES,A23,12408.65
201901,CLIENTES GRANDES,A24,12866.55
201901,CLIENTES PEQUEÑOS,A1,10808.19
201901,CLIENTES PEQUEÑOS,A2,15686.01
201901,CLIENTES PEQUEÑOS,A3,16710.75
201901,CLIENTES PEQUEÑOS,A4,13137.49
201901,CLIENTES PEQUEÑOS,A5,15767.03
201901,CLIENTES PEQUEÑOS,A6,16498.20
201901,CLIENTES PEQUEÑOS,A7,16470.89
201901,CLIENTES PEQUEÑOS,A8,11021.90
201901,CLIENTES PEQUEÑOS,A9,8316.18
201901,CLIENTES PEQUEÑOS,A10,20230.37
201901,CLIENTES PEQUEÑOS,A11,24564.45
201901,CLIENTES PEQUEÑOS,A14,19239.75
201901,CLIENTES PEQUEÑOS,A15,14297.45
201901,CLIENTES PEQUEÑOS,A16,16848.05
201901,CLIENTES PEQUEÑOS,A17,17061.85
201901,CLIENTES PEQUEÑOS,A18,10161.29
201901,CLIENTES PEQUEÑOS,A19,15576.45
201901,CLIENTES PEQUEÑOS,A20,11491.02
201901,CLIENTES PEQUEÑOS,A21,8968.41
201901,CLIENTES PEQUEÑOS,A22,17339.46
201901,CLIENTES PEQUEÑOS,A23,12408.65
201902,CLIENTES GRANDES,A1,11067.81
201902,CLIENTES GRANDES,A2,15416.22
201902,CLIENTES GRANDES,A3,17846.58
201902,CLIENTES GRANDES,A4,14220.98
201902,CLIENTES GRANDES,A5,15969.92
201902,CLIENTES GRANDES,A6,15961.27
201902,CLIENTES GRANDES,A7,16332.84
201902,CLIENTES GRANDES,A8,10484.53
201902,CLIENTES GRANDES,A9,8357.12
201902,CLIENTES GRANDES,A10,19513.34
201902,CLIENTES GRANDES,A11,23328.82
201902,CLIENTES GRANDES,A12,22671.37
201902,CLIENTES GRANDES,A13,18101.45
201902,CLIENTES GRANDES,A14,18085.25
201902,CLIENTES GRANDES,A15,14203.10
201902,CLIENTES GRANDES,A16,16592.57
201902,CLIENTES GRANDES,A17,16654.46
201902,CLIENTES GRANDES,A18,10239.18
201902,CLIENTES GRANDES,A19,15383.99
201902,CLIENTES GRANDES,A20,10925.01
201902,CLIENTES GRANDES,A21,8494.89
201902,CLIENTES GRANDES,A22,17257.86
201902,CLIENTES GRANDES,A23,12103.32
201902,CLIENTES GRANDES,A24,12449.86
201902,CLIENTES PEQUEÑOS,A1,11067.81
201902,CLIENTES PEQUEÑOS,A2,15416.22
201902,CLIENTES PEQUEÑOS,A3,17846.58
201902,CLIENTES PEQUEÑOS,A4,14220.98
201902,CLIENTES PEQUEÑOS,A5,15969.92
201902,CLIENTES PEQUEÑOS,A6,15961.27
201902,CLIENTES PEQUEÑOS,A7,16332.84
201902,CLIENTES PEQUEÑOS,A8,10484.53
201902,CLIENTES PEQUEÑOS,A9,8357.12
201902,CLIENTES PEQUEÑOS,A10,19513.34
201902,CLIENTES PEQUEÑOS,A11,23328.82
201902,CLIENTES PEQUEÑOS,A14,18085.25
201902,CLIENTES PEQUEÑOS,A15,14203.10
201902,CLIENTES PEQUEÑOS,A16,16592.57
201902,CLIENTES PEQUEÑOS,A17,16654.46
201902,CLIENTES PEQUEÑOS,A18,10239.18
201902,CLIENTES PEQUEÑOS,A19,15383.99
201902,CLIENTES PEQUEÑOS,A20,10925.01
201902,CLIENTES PEQUEÑOS,A21,8494.89
201902,CLIENTES PEQUEÑOS,A22,17257.86
201902,CLIENTES PEQUEÑOS,A23,12103.32
201903,CLIENTES GRANDES,A1,12713.88
201903,CLIENTES GRANDES,A2,16502.22
201903,CLIENTES GRANDES,A3,17111.34
201903,CLIENTES GRANDES,A4,14068.80
201903,CLIENTES GRANDES,A5,16987.90
201903,CLIENTES GRANDES,A6,16814.22
201903,CLIENTES GRANDES,A7,16421.76
201903,CLIENTES GRANDES,A8,11825.75
201903,CLIENTES GRANDES,A9,9106.51
201903,CLIENTES GRANDES,A10,21916.58
201903,CLIENTES GRANDES,A11,25415.74
201903,CLIENTES GRANDES,A12,25978.39
201903,CLIENTES GRANDES,A13,20878.92
201903,CLIENTES GRANDES,A14,20805.31
201903,CLIENTES GRANDES,A15,14343.42
201903,CLIENTES GRANDES,A16,17019.78
201903,CLIENTES GRANDES,A17,18365.65
201903,CLIENTES GRANDES,A18,11158.41
201903,CLIENTES GRANDES,A19,16506.38
201903,CLIENTES GRANDES,A20,12444.71
201903,CLIENTES GRANDES,A21,9636.73
201903,CLIENTES GRANDES,A22,17633.73
201903,CLIENTES GRANDES,A23,13295.70
201903,CLIENTES GRANDES,A24,12864.36
201903,CLIENTES PEQUEÑOS,A1,12713.88
201903,CLIENTES PEQUEÑOS,A2,16502.22
201903,CLIENTES PEQUEÑOS,A3,17111.34
201903,CLIENTES PEQUEÑOS,A4,14068.80
201903,CLIENTES PEQUEÑOS,A5,16987.90
201903,CLIENTES PEQUEÑOS,A6,16814.22
201903,CLIENTES PEQUEÑOS,A7,16421.76
201903,CLIENTES PEQUEÑOS,A8,11825.75
201903,CLIENTES PEQUEÑOS,A9,9106.51
201903,CLIENTES PEQUEÑOS,A10,21916.58
201903,CLIENTES PEQUEÑOS,A11,25415.74
201903,CLIENTES PEQUEÑOS,A14,20805.31
201903,CLIENTES PEQUEÑOS,A15,14343.42
201903,CLIENTES PEQUEÑOS,A16,17019.78
201903,CLIENTES PEQUEÑOS,A17,18365.65
201903,CLIENTES PEQUEÑOS,A18,11158.41
201903,CLIENTES PEQUEÑOS,A19,16506.38
201903,CLIENTES PEQUEÑOS,A20,12444.71
201903,CLIENTES PEQUEÑOS,A21,9636.73
201903,CLIENTES PEQUEÑOS,A22,17633.73
201903,CLIENTES PEQUEÑOS,A23,13295.70
201904,CLIENTES GRANDES,A1,11704.63
201904,CLIENTES GRANDES,A2,15655.23
201904,CLIENTES GRANDES,A3,16778.18
201904,CLIENTES GRANDES,A4,13975.00
201904,CLIENTES GRANDES,A5,16062.85
201904,CLIENTES GRANDES,A6,15815.99
201904,CLIENTES GRANDES,A7,16210.06
201904,CLIENTES GRANDES,A8,11172.34
201904,CLIENTES GRANDES,A9,8475.24
201904,CLIENTES GRANDES,A10,19987.60
201904,CLIENTES GRANDES,A11,25468.72
201904,CLIENTES GRANDES,A12,22638.31
201904,CLIENTES GRANDES,A13,18031.19
201904,CLIENTES GRANDES,A14,18967.42
201904,CLIENTES GRANDES,A15,14134.51
201904,CLIENTES GRANDES,A16,16908.61
201904,CLIENTES GRANDES,A17,17050.73
201904,CLIENTES GRANDES,A18,10536.78
201904,CLIENTES GRANDES,A19,15762.52
201904,CLIENTES GRANDES,A20,12345.27
201904,CLIENTES GRANDES,A21,8948.50
201904,CLIENTES GRANDES,A22,16870.09
201904,CLIENTES GRANDES,A23,12712.24
201904,CLIENTES GRANDES,A24,12445.29
201904,CLIENTES PEQUEÑOS,A1,11704.63
201904,CLIENTES PEQUEÑOS,A2,15655.23
201904,CLIENTES PEQUEÑOS,A3,16778.18
201904,CLIENTES PEQUEÑOS,A4,13975.00
201904,CLIENTES PEQUEÑOS,A5,16062.85
201904,CLIENTES PEQUEÑOS,A6,15815.99
201904,CLIENTES PEQUEÑOS,A7,16210.06
201904,CLIENTES PEQUEÑOS,A8,11172.34
201904,CLIENTES PEQUEÑOS,A9,8475.24
201904,CLIENTES PEQUEÑOS,A10,19987.60
201904,CLIENTES PEQUEÑOS,A11,25468.72
201904,CLIENTES PEQUEÑOS,A14,18967.42
201904,CLIENTES PEQUEÑOS,A15,14134.51
201904,CLIENTES PEQUEÑOS,A16,16908.61
201904,CLIENTES PEQUEÑOS,A17,17050.73
201904,CLIENTES PEQUEÑOS,A18,10536.78
201904,CLIENTES PEQUEÑOS,A19,15762.52
201904,CLIENTES PEQUEÑOS,A20,12345.27
201904,CLIENTES PEQUEÑOS,A21,8948.50
201904,CLIENTES PEQUEÑOS,A22,16870.09
201904,CLIENTES PEQUEÑOS,A23,12712.24
201905,CLIENTES GRANDES,A1,11612.97
201905,CLIENTES GRANDES,A2,16190.09
201905,CLIENTES GRANDES,A3,17132.85
201905,CLIENTES GRANDES,A4,13620.07
201905,CLIENTES GRANDES,A5,16627.65
201905,CLIENTES GRANDES,A6,16997.80
201905,CLIENTES GRANDES,A7,16717.31
201905,CLIENTES GRANDES,A8,11050.33
201905,CLIENTES GRANDES,A9,8674.42
201905,CLIENTES GRANDES,A10,20210.64
201905,CLIENTES GRANDES,A11,24720.78
201905,CLIENTES GRANDES,A12,26208.90
201905,CLIENTES GRANDES,A13,20022.17
201905,CLIENTES GRANDES,A14,19311.37
201905,CLIENTES GRANDES,A15,14334.14
201905,CLIENTES GRANDES,A16,17008.36
201905,CLIENTES GRANDES,A17,17164.42
201905,CLIENTES GRANDES,A18,10368.63
201905,CLIENTES GRANDES,A19,16061.67
201905,CLIENTES GRANDES,A20,11938.87
201905,CLIENTES GRANDES,A21,9056.45
201905,CLIENTES GRANDES,A22,17069.17
201905,CLIENTES GRANDES,A23,12760.43
201905,CLIENTES GRANDES,A24,12876.62
201905,CLIENTES PEQUEÑOS,A1,11612.97
201905,CLIENTES PEQUEÑOS,A2,16190.09
201905,CLIENTES PEQUEÑOS,A3,17132.85
201905,CLIENTES PEQUEÑOS,A4,13620.07
201905,CLIENTES PEQUEÑOS,A5,16627.65
201905,CLIENTES PEQUEÑOS,A6,16997.80
201905,CLIENTES PEQUEÑOS,A7,16717.31
201905,CLIENTES PEQUEÑOS,A8,11050.33
201905,CLIENTES PEQUEÑOS,A9,8674.42
201905,CLIENTES PEQUEÑOS,A10,20210.64
201905,CLIENTES PEQUEÑOS,A11,24720.78
201905,CLIENTES PEQUEÑOS,A14,19311.37
201905,CLIENTES PEQUEÑOS,A15,14334.14
201905,CLIENTES PEQUEÑOS,A16,17008.36
201905,CLIENTES PEQUEÑOS,A17,17164.42
201905,CLIENTES PEQUEÑOS,A18,10368.63
201905,CLIENTES PEQUEÑOS,A19,16061.67
201905,CLIENTES PEQUEÑOS,A20,11938.87
201905,CLIENTES PEQUEÑOS,A21,9056.45
201905,CLIENTES PEQUEÑOS,A22,17069.17
201905,CLIENTES PEQUEÑOS,A23,12760.43
201905,CLIENTES PEQUEÑOS,A25,20813.06
201906,CLIENTES GRANDES,A1,11933.08
201906,CLIENTES GRANDES,A2,15983.06
201906,CLIENTES GRANDES,A3,17054.86
201906,CLIENTES GRANDES,A4,14143.51
201906,CLIENTES GRANDES,A5,16398.20
201906,CLIENTES GRANDES,A6,16473.29
201906,CLIENTES GRANDES,A7,16410.46
201906,CLIENTES GRANDES,A8,11358.22
201906,CLIENTES GRANDES,A9,8476.67
201906,CLIENTES GRANDES,A10,20362.55
201906,CLIENTES GRANDES,A11,24715.15
201906,CLIENTES GRANDES,A12,24578.56
201906,CLIENTES GRANDES,A13,19327.00
201906,CLIENTES GRANDES,A14,20243.87
201906,CLIENTES GRANDES,A15,14365.23
201906,CLIENTES GRANDES,A16,16714.55
201906,CLIENTES GRANDES,A17,17521.78
201906,CLIENTES GRANDES,A18,10812.91
201906,CLIENTES GRANDES,A19,15235.66
201906,CLIENTES GRANDES,A20,11844.57
201906,CLIENTES GRANDES,A21,9025.83
201906,CLIENTES GRANDES,A22,17142.62
201906,CLIENTES GRANDES,A23,12504.33
201906,CLIENTES GRANDES,A24,12612.12
201906,CLIENTES PEQUEÑOS,A1,11933.08
201906,CLIENTES PEQUEÑOS,A2,15983.06
201906,CLIENTES PEQUEÑOS,A3,17054.86
201906,CLIENTES PEQUEÑOS,A4,14143.51
201906,CLIENTES PEQUEÑOS,A5,16398.20
201906,CLIENTES PEQUEÑOS,A6,16473.29
201906,CLIENTES PEQUEÑOS,A7,16410.46
201906,CLIENTES PEQUEÑOS,A8,11358.22
201906,CLIENTES PEQUEÑOS,A9,8476.67
201906,CLIENTES PEQUEÑOS,A10,20362.55
201906,CLIENTES PEQUEÑOS,A11,24715.15
201906,CLIENTES PEQUEÑOS,A14,20243.87
201906,CLIENTES PEQUEÑOS,A15,14365.23
201906,CLIENTES PEQUEÑOS,A16,16714.55
201906,CLIENTES PEQUEÑOS,A17,17521.78
201906,CLIENTES PEQUEÑOS,A18,10812.91
201906,CLIENTES PEQUEÑOS,A19,15235.66
201906,CLIENTES PEQUEÑOS,A20,11844.57
201906,CLIENTES PEQUEÑOS,A21,9025.83
201906,CLIENTES PEQUEÑOS,A22,17142.62
201906,CLIENTES PEQUEÑOS,A23,12504.33
201906,CLIENTES PEQUEÑOS,A25,21641.57
201907,CLIENTES GRANDES,A1,11705.14
201907,CLIENTES GRANDES,A2,16281.81
201907,CLIENTES GRANDES,A3,17008.58
201907,CLIENTES GRANDES,A4,13957.44
201907,CLIENTES GRANDES,A5,16504.11
201907,CLIENTES GRANDES,A6,16590.80
201907,CLIENTES GRANDES,A7,16600.69
201907,CLIENTES GRANDES,A8,11134.51
201907,CLIENTES GRANDES,A9,8591.85
201907,CLIENTES GRANDES,A10,20191.03
201907,CLIENTES GRANDES,A11,24474.86
201907,CLIENTES GRANDES,A12,25105.68
201907,CLIENTES GRANDES,A13,19910.83
201907,CLIENTES GRANDES,A14,19364.92
201907,CLIENTES GRANDES,A15,14281.60
201907,CLIENTES GRANDES,A16,16785.03
201907,CLIENTES GRANDES,A17,17142.58
201907,CLIENTES GRANDES,A18,10885.98
201907,CLIENTES GRANDES,A19,16694.86
201907,CLIENTES GRANDES,A20,11906.84
201907,CLIENTES GRANDES,A21,9009.94
201907,CLIENTES GRANDES,A22,16944.02
201907,CLIENTES GRANDES,A23,13061.21
201907,CLIENTES GRANDES,A24,12895.65
201907,CLIENTES GRANDES,A25,20597.10
201907,CLIENTES PEQUEÑOS,A1,11705.14
201907,CLIENTES PEQUEÑOS,A2,16281.81
201907,CLIENTES PEQUEÑOS,A3,17008.58
201907,CLIENTES PEQUEÑOS,A4,13957.44
201907,CLIENTES PEQUEÑOS,A5,16504.11
201907,CLIENTES PEQUEÑOS,A6,16590.80
201907,CLIENTES PEQUEÑOS,A7,16600.69
201907,CLIENTES PEQUEÑOS,A8,11134.51
201907,CLIENTES PEQUEÑOS,A9,8591.85
201907,CLIENTES PEQUEÑOS,A10,20191.03
201907,CLIENTES PEQUEÑOS,A11,24474.86
201907,CLIENTES PEQUEÑOS,A14,19364.92
201907,CLIENTES PEQUEÑOS,A15,14281.60
201907,CLIENTES PEQUEÑOS,A16,16785.03
201907,CLIENTES PEQUEÑOS,A17,17142.58
201907,CLIENTES PEQUEÑOS,A18,10885.98
201907,CLIENTES PEQUEÑOS,A19,16694.86
201907,CLIENTES PEQUEÑOS,A20,11906.84
201907,CLIENTES PEQUEÑOS,A21,9009.94
201907,CLIENTES PEQUEÑOS,A22,16944.02
201907,CLIENTES PEQUEÑOS,A23,13061.21
201907,CLIENTES PEQUEÑOS,A25,20597.10
201908,CLIENTES GRANDES,A1,11925.02
201908,CLIENTES GRANDES,A2,16439.18
201908,CLIENTES GRANDES,A3,17037.50
201908,CLIENTES GRANDES,A4,13949.73
201908,CLIENTES GRANDES,A5,17077.02
201908,CLIENTES GRANDES,A6,16881.24
201908,CLIENTES GRANDES,A7,17459.07
201908,CLIENTES GRANDES,A8,11331.18
201908,CLIENTES GRANDES,A9,8558.27
201908,CLIENTES GRANDES,A10,20406.22
201908,CLIENTES GRANDES,A11,25261.72
201908,CLIENTES GRANDES,A12,24588.44
201908,CLIENTES GRANDES,A13,19606.42
201908,CLIENTES GRANDES,A14,22314.61
201908,CLIENTES GRANDES,A15,14579.61
201908,CLIENTES GRANDES,A16,17467.36
201908,CLIENTES GRANDES,A17,17354.77
201908,CLIENTES GRANDES,A18,10680.60
201908,CLIENTES GRANDES,A19,16427.22
201908,CLIENTES GRANDES,A20,11908.52
201908,CLIENTES GRANDES,A21,9045.03
201908,CLIENTES GRANDES,A22,17236.32
201908,CLIENTES GRANDES,A23,12837.56
201908,CLIENTES GRANDES,A24,12869.49
201908,CLIENTES GRANDES,A26,18087.49
201908,CLIENTES GRANDES,A25,21560.12
201908,CLIENTES PEQUEÑOS,A1,11925.02
201908,CLIENTES PEQUEÑOS,A2,16439.18
201908,CLIENTES PEQUEÑOS,A3,17037.50
201908,CLIENTES PEQUEÑOS,A4,13949.73
201908,CLIENTES PEQUEÑOS,A5,17077.02
201908,CLIENTES PEQUEÑOS,A6,16881.24
201908,CLIENTES PEQUEÑOS,A7,17459.07
201908,CLIENTES PEQUEÑOS,A8,11331.18
201908,CLIENTES PEQUEÑOS,A9,8558.27
201908,CLIENTES PEQUEÑOS,A10,20406.22
201908,CLIENTES PEQUEÑOS,A11,25261.72
201908,CLIENTES PEQUEÑOS,A14,22314.61
201908,CLIENTES PEQUEÑOS,A15,14579.61
201908,CLIENTES PEQUEÑOS,A16,17467.36
201908,CLIENTES PEQUEÑOS,A17,17354.77
201908,CLIENTES PEQUEÑOS,A18,10680.60
201908,CLIENTES PEQUEÑOS,A19,16427.22
201908,CLIENTES PEQUEÑOS,A20,11908.52
201908,CLIENTES PEQUEÑOS,A21,9045.03
201908,CLIENTES PEQUEÑOS,A22,17236.32
201908,CLIENTES PEQUEÑOS,A23,12837.56
201908,CLIENTES PEQUEÑOS,A25,21560.12
201909,CLIENTES GRANDES,A1,11745.64
201909,CLIENTES GRANDES,A2,16193.56
201909,CLIENTES GRANDES,A3,17009.03
201909,CLIENTES GRANDES,A4,13805.96
201909,CLIENTES GRANDES,A5,16465.14
201909,CLIENTES GRANDES,A6,16604.49
201909,CLIENTES GRANDES,A7,16490.94
201909,CLIENTES GRANDES,A8,11148.04
201909,CLIENTES GRANDES,A9,8524.70
201909,CLIENTES GRANDES,A10,20129.76
201909,CLIENTES GRANDES,A11,24622.51
201909,CLIENTES GRANDES,A12,24502.84
201909,CLIENTES GRANDES,A13,19607.97
201909,CLIENTES GRANDES,A14,19465.09
201909,CLIENTES GRANDES,A15,13930.45
201909,CLIENTES GRANDES,A16,16857.66
201909,CLIENTES GRANDES,A17,16601.40
201909,CLIENTES GRANDES,A18,10939.27
201909,CLIENTES GRANDES,A19,16215.24
201909,CLIENTES GRANDES,A20,11843.19
201909,CLIENTES GRANDES,A21,9020.30
201909,CLIENTES GRANDES,A22,16854.35
201909,CLIENTES GRANDES,A23,12703.07
201909,CLIENTES GRANDES,A24,12748.73
201909,CLIENTES GRANDES,A26,17800.37
201909,CLIENTES GRANDES,A25,21231.00
201909,CLIENTES PEQUEÑOS,A1,11745.64
201909,CLIENTES PEQUEÑOS,A2,16193.56
201909,CLIENTES PEQUEÑOS,A3,17009.03
201909,CLIENTES PEQUEÑOS,A4,13805.96
201909,CLIENTES PEQUEÑOS,A5,16465.14
201909,CLIENTES PEQUEÑOS,A6,16604.49
201909,CLIENTES PEQUEÑOS,A7,16490.94
201909,CLIENTES PEQUEÑOS,A8,11148.04
201909,CLIENTES PEQUEÑOS,A9,8524.70
201909,CLIENTES PEQUEÑOS,A10,20129.76
201909,CLIENTES PEQUEÑOS,A11,24622.51
201909,CLIENTES PEQUEÑOS,A14,19465.09
201909,CLIENTES PEQUEÑOS,A15,13930.45
201909,CLIENTES PEQUEÑOS,A16,16857.66
201909,CLIENTES PEQUEÑOS,A17,16601.40
201909,CLIENTES PEQUEÑOS,A18,10939.27
201909,CLIENTES PEQUEÑOS,A19,16215.24
201909,CLIENTES PEQUEÑOS,A20,11843.19
201909,CLIENTES PEQUEÑOS,A21,9020.30
201909,CLIENTES PEQUEÑOS,A22,16854.35
201909,CLIENTES PEQUEÑOS,A23,12703.07
201909,CLIENTES PEQUEÑOS,A25,21231.00
201910,CLIENTES GRANDES,A1,11783.51
201910,CLIENTES GRANDES,A2,16569.52
201910,CLIENTES GRANDES,A3,17012.31
201910,CLIENTES GRANDES,A4,14053.43
201910,CLIENTES GRANDES,A5,16846.85
201910,CLIENTES GRANDES,A6,16633.03
201910,CLIENTES GRANDES,A7,16894.80
201910,CLIENTES GRANDES,A8,11374.39
201910,CLIENTES GRANDES,A9,8515.45
201910,CLIENTES GRANDES,A10,20534.19
201910,CLIENTES GRANDES,A11,28884.33
201910,CLIENTES GRANDES,A12,24518.40
201910,CLIENTES GRANDES,A13,19587.01
201910,CLIENTES GRANDES,A14,19697.11
201910,CLIENTES GRANDES,A15,15110.23
201910,CLIENTES GRANDES,A16,17245.85
201910,CLIENTES GRANDES,A17,17936.30
201910,CLIENTES GRANDES,A18,10770.34
201910,CLIENTES GRANDES,A19,16224.11
201910,CLIENTES GRANDES,A20,11871.95
201910,CLIENTES GRANDES,A21,9223.13
201910,CLIENTES GRANDES,A22,17281.28
201910,CLIENTES GRANDES,A23,13015.59
201910,CLIENTES GRANDES,A24,12903.35
201910,CLIENTES GRANDES,A26,18290.10
201910,CLIENTES GRANDES,A25,21317.40
201910,CLIENTES PEQUEÑOS,A1,11783.51
201910,CLIENTES PEQUEÑOS,A2,16569.52
201910,CLIENTES PEQUEÑOS,A3,17012.31
201910,CLIENTES PEQUEÑOS,A4,14053.43
201910,CLIENTES PEQUEÑOS,A5,16846.85
201910,CLIENTES PEQUEÑOS,A6,16633.03
201910,CLIENTES PEQUEÑOS,A7,16894.80
201910,CLIENTES PEQUEÑOS,A8,11374.39
201910,CLIENTES PEQUEÑOS,A9,8515.45
201910,CLIENTES PEQUEÑOS,A10,20534.19
201910,CLIENTES PEQUEÑOS,A11,28884.33
201910,CLIENTES PEQUEÑOS,A14,19697.11
201910,CLIENTES PEQUEÑOS,A15,15110.23
201910,CLIENTES PEQUEÑOS,A16,17245.85
201910,CLIENTES PEQUEÑOS,A17,17936.30
201910,CLIENTES PEQUEÑOS,A18,10770.34
201910,CLIENTES PEQUEÑOS,A19,16224.11
201910,CLIENTES PEQUEÑOS,A20,11871.95
201910,CLIENTES PEQUEÑOS,A21,9223.13
201910,CLIENTES PEQUEÑOS,A22,17281.28
201910,CLIENTES PEQUEÑOS,A23,13015.59
201910,CLIENTES PEQUEÑOS,A25,21317.40
201911,CLIENTES GRANDES,A1,11193.83
201911,CLIENTES GRANDES,A2,15337.05
201911,CLIENTES GRANDES,A3,16954.07
201911,CLIENTES GRANDES,A4,13418.62
201911,CLIENTES GRANDES,A5,16230.65
201911,CLIENTES GRANDES,A6,16511.63
201911,CLIENTES GRANDES,A7,16262.00
201911,CLIENTES GRANDES,A8,10562.24
201911,CLIENTES GRANDES,A9,8504.82
201911,CLIENTES GRANDES,A10,20197.52
201911,CLIENTES GRANDES,A11,24401.28
201911,CLIENTES GRANDES,A12,24309.95
201911,CLIENTES GRANDES,A13,19487.69
201911,CLIENTES GRANDES,A14,16369.59
201911,CLIENTES GRANDES,A15,14335.43
201911,CLIENTES GRANDES,A16,16536.93
201911,CLIENTES GRANDES,A17,16890.75
201911,CLIENTES GRANDES,A18,10734.31
201911,CLIENTES GRANDES,A19,15801.37
201911,CLIENTES GRANDES,A20,11856.94
201911,CLIENTES GRANDES,A21,9222.80
201911,CLIENTES GRANDES,A22,16945.22
201911,CLIENTES GRANDES,A23,12779.41
201911,CLIENTES GRANDES,A24,12774.55
201911,CLIENTES GRANDES,A26,17239.96
201911,CLIENTES GRANDES,A25,21089.57
201911,CLIENTES PEQUEÑOS,A1,11193.83
201911,CLIENTES PEQUEÑOS,A2,15337.05
201911,CLIENTES PEQUEÑOS,A3,16954.07
201911,CLIENTES PEQUEÑOS,A4,13418.62
201911,CLIENTES PEQUEÑOS,A5,16230.65
201911,CLIENTES PEQUEÑOS,A6,16511.63
201911,CLIENTES PEQUEÑOS,A7,16262.00
201911,CLIENTES PEQUEÑOS,A8,10562.24
201911,CLIENTES PEQUEÑOS,A9,8504.82
201911,CLIENTES PEQUEÑOS,A10,20197.52
201911,CLIENTES PEQUEÑOS,A11,24401.28
201911,CLIENTES PEQUEÑOS,A14,16369.59
201911,CLIENTES PEQUEÑOS,A15,14335.43
201911,CLIENTES PEQUEÑOS,A16,16536.93
201911,CLIENTES PEQUEÑOS,A17,16890.75
201911,CLIENTES PEQUEÑOS,A18,10734.31
201911,CLIENTES PEQUEÑOS,A19,15801.37
201911,CLIENTES PEQUEÑOS,A20,11856.94
201911,CLIENTES PEQUEÑOS,A21,9222.80
201911,CLIENTES PEQUEÑOS,A22,16945.22
201911,CLIENTES PEQUEÑOS,A23,12779.41
201911,CLIENTES PEQUEÑOS,A25,21089.57
201912,CLIENTES GRANDES,A1,12458.22
201912,CLIENTES GRANDES,A2,17408.67
201912,CLIENTES GRANDES,A3,17182.57
201912,CLIENTES GRANDES,A4,14412.53
201912,CLIENTES GRANDES,A5,17057.35
201912,CLIENTES GRANDES,A6,16695.32
201912,CLIENTES GRANDES,A7,16949.27
201912,CLIENTES GRANDES,A8,12036.48
201912,CLIENTES GRANDES,A9,8530.09
201912,CLIENTES GRANDES,A10,20400.28
201912,CLIENTES GRANDES,A11,24948.68
201912,CLIENTES GRANDES,A12,24675.45
201912,CLIENTES GRANDES,A13,19632.18
201912,CLIENTES GRANDES,A14,22809.86
201912,CLIENTES GRANDES,A15,14344.13
201912,CLIENTES GRANDES,A16,17193.93
201912,CLIENTES GRANDES,A17,17133.09
201912,CLIENTES GRANDES,A18,11028.49
201912,CLIENTES GRANDES,A19,16645.83
201912,CLIENTES GRANDES,A20,11902.29
201912,CLIENTES GRANDES,A21,9233.12
201912,CLIENTES GRANDES,A22,17068.02
201912,CLIENTES GRANDES,A23,12840.73
201912,CLIENTES GRANDES,A24,12831.57
201912,CLIENTES GRANDES,A26,18988.62
201912,CLIENTES GRANDES,A25,21425.07
201912,CLIENTES PEQUEÑOS,A1,12458.22
201912,CLIENTES PEQUEÑOS,A2,17408.67
201912,CLIENTES PEQUEÑOS,A3,17182.57
201912,CLIENTES PEQUEÑOS,A4,14412.53
201912,CLIENTES PEQUEÑOS,A5,17057.35
201912,CLIENTES PEQUEÑOS,A6,16695.32
201912,CLIENTES PEQUEÑOS,A7,16949.27
201912,CLIENTES PEQUEÑOS,A8,12036.48
201912,CLIENTES PEQUEÑOS,A9,8530.09
201912,CLIENTES PEQUEÑOS,A10,20400.28
201912,CLIENTES PEQUEÑOS,A11,24948.68
201912,CLIENTES PEQUEÑOS,A14,22809.86
201912,CLIENTES PEQUEÑOS,A15,14344.13
201912,CLIENTES PEQUEÑOS,A16,17193.93
201912,CLIENTES PEQUEÑOS,A17,17133.09
201912,CLIENTES PEQUEÑOS,A18,11028.49
201912,CLIENTES PEQUEÑOS,A19,16645.83
201912,CLIENTES PEQUEÑOS,A20,11902.29
201912,CLIENTES PEQUEÑOS,A21,9233.12
201912,CLIENTES PEQUEÑOS,A22,17068.02
201912,CLIENTES PEQUEÑOS,A23,12840.73
201912,CLIENTES PEQUEÑOS,A25,21425.07
202001,CLIENTES GRANDES,A1,11366.20
202001,CLIENTES GRANDES,A2,16783.55
202001,CLIENTES GRANDES,A3,16984.21
202001,CLIENTES GRANDES,A4,14387.94
202001,CLIENTES GRANDES,A5,17073.09
202001,CLIENTES GRANDES,A6,16290.43
202001,CLIENTES GRANDES,A7,16764.29
202001,CLIENTES GRANDES,A8,11749.85
202001,CLIENTES GRANDES,A9,8516.99
202001,CLIENTES GRANDES,A10,20008.73
202001,CLIENTES GRANDES,A11,24497.41
202001,CLIENTES GRANDES,A12,24910.34
202001,CLIENTES GRANDES,A13,18912.23
202001,CLIENTES GRANDES,A14,21381.27
202001,CLIENTES GRANDES,A15,13997.62
202001,CLIENTES GRANDES,A16,17013.89
202001,CLIENTES GRANDES,A17,17235.56
202001,CLIENTES GRANDES,A18,11207.72
202001,CLIENTES GRANDES,A19,17425.16
202001,CLIENTES GRANDES,A20,12418.80
202001,CLIENTES GRANDES,A21,9484.95
202001,CLIENTES GRANDES,A22,16799.63
202001,CLIENTES GRANDES,A23,13600.13
202001,CLIENTES GRANDES,A24,13710.70
202001,CLIENTES GRANDES,A26,17082.29
202001,CLIENTES GRANDES,A25,21072.46
202001,CLIENTES PEQUEÑOS,A1,11366.20
202001,CLIENTES PEQUEÑOS,A2,16783.55
202001,CLIENTES PEQUEÑOS,A3,16984.21
202001,CLIENTES PEQUEÑOS,A4,14387.94
202001,CLIENTES PEQUEÑOS,A5,17073.09
202001,CLIENTES PEQUEÑOS,A6,16290.43
202001,CLIENTES PEQUEÑOS,A7,16764.29
202001,CLIENTES PEQUEÑOS,A8,11749.85
202001,CLIENTES PEQUEÑOS,A9,8516.99
202001,CLIENTES PEQUEÑOS,A10,20008.73
202001,CLIENTES PEQUEÑOS,A11,24497.41
202001,CLIENTES PEQUEÑOS,A14,21381.27
202001,CLIENTES PEQUEÑOS,A15,13997.62
202001,CLIENTES PEQUEÑOS,A16,17013.89
202001,CLIENTES PEQUEÑOS,A17,17235.56
202001,CLIENTES PEQUEÑOS,A18,11207.72
202001,CLIENTES PEQUEÑOS,A19,17425.16
202001,CLIENTES PEQUEÑOS,A20,12418.80
202001,CLIENTES PEQUEÑOS,A21,9484.95
202001,CLIENTES PEQUEÑOS,A22,16799.63
202001,CLIENTES PEQUEÑOS,A23,13600.13
202001,CLIENTES PEQUEÑOS,A25,21072.46
202002,CLIENTES GRANDES,A1,12094.32
202002,CLIENTES GRANDES,A2,16166.30
202002,CLIENTES GRANDES,A3,17027.00
202002,CLIENTES GRANDES,A4,13801.67
202002,CLIENTES GRANDES,A5,16404.97
202002,CLIENTES GRANDES,A6,16497.78
202002,CLIENTES GRANDES,A7,16451.97
202002,CLIENTES GRANDES,A8,10869.48
202002,CLIENTES GRANDES,A9,8570.84
202002,CLIENTES GRANDES,A10,20398.03
202002,CLIENTES GRANDES,A11,24710.72
202002,CLIENTES GRANDES,A12,24133.34
202002,CLIENTES GRANDES,A13,19955.93
202002,CLIENTES GRANDES,A14,18377.24
202002,CLIENTES GRANDES,A15,14815.15
202002,CLIENTES GRANDES,A16,16680.84
202002,CLIENTES GRANDES,A17,16950.65
202002,CLIENTES GRANDES,A18,10756.30
202002,CLIENTES GRANDES,A19,15603.90
202002,CLIENTES GRANDES,A20,11556.79
202002,CLIENTES GRANDES,A21,9001.43
202002,CLIENTES GRANDES,A22,17157.81
202002,CLIENTES GRANDES,A23,12303.90
202002,CLIENTES GRANDES,A24,12110.65
202002,CLIENTES GRANDES,A26,18453.84
202002,CLIENTES GRANDES,A25,22526.33
202002,CLIENTES PEQUEÑOS,A1,12094.32
202002,CLIENTES PEQUEÑOS,A2,16166.30
202002,CLIENTES PEQUEÑOS,A3,17027.00
202002,CLIENTES PEQUEÑOS,A4,13801.67
202002,CLIENTES PEQUEÑOS,A5,16404.97
202002,CLIENTES PEQUEÑOS,A6,16497.78
202002,CLIENTES PEQUEÑOS,A7,16451.97
202002,CLIENTES PEQUEÑOS,A8,10869.48
202002,CLIENTES PEQUEÑOS,A9,8570.84
202002,CLIENTES PEQUEÑOS,A10,20398.03
202002,CLIENTES PEQUEÑOS,A11,24710.72
202002,CLIENTES PEQUEÑOS,A14,18377.24
202002,CLIENTES PEQUEÑOS,A15,14815.15
202002,CLIENTES PEQUEÑOS,A16,16680.84
202002,CLIENTES PEQUEÑOS,A17,16950.65
202002,CLIENTES PEQUEÑOS,A18,10756.30
202002,CLIENTES PEQUEÑOS,A19,15603.90
202002,CLIENTES PEQUEÑOS,A20,11556.79
202002,CLIENTES PEQUEÑOS,A21,9001.43
202002,CLIENTES PEQUEÑOS,A22,17157.81
202002,CLIENTES PEQUEÑOS,A23,12303.90
202002,CLIENTES PEQUEÑOS,A25,22526.33
202003,CLIENTES GRANDES,A1,11172.95
202003,CLIENTES GRANDES,A2,15250.34
202003,CLIENTES GRANDES,A3,16588.11
202003,CLIENTES GRANDES,A4,13346.94
202003,CLIENTES GRANDES,A5,16240.45
202003,CLIENTES GRANDES,A6,16588.39
202003,CLIENTES GRANDES,A7,16490.05
202003,CLIENTES GRANDES,A8,11056.00
202003,CLIENTES GRANDES,A9,8307.60
202003,CLIENTES GRANDES,A10,19825.80
202003,CLIENTES GRANDES,A11,23416.86
202003,CLIENTES GRANDES,A12,24961.74
202003,CLIENTES GRANDES,A13,19398.35
202003,CLIENTES GRANDES,A14,17756.93
202003,CLIENTES GRANDES,A15,13693.28
202003,CLIENTES GRANDES,A16,16316.23
202003,CLIENTES GRANDES,A17,17333.87
202003,CLIENTES GRANDES,A18,10363.89
202003,CLIENTES GRANDES,A19,15815.01
202003,CLIENTES GRANDES,A20,10749.63
202003,CLIENTES GRANDES,A21,8750.97
202003,CLIENTES GRANDES,A22,16789.52
202003,CLIENTES GRANDES,A23,12336.52
202003,CLIENTES GRANDES,A24,12366.91
202003,CLIENTES GRANDES,A26,17986.11
202003,CLIENTES GRANDES,A25,22430.65
202003,CLIENTES PEQUEÑOS,A1,11172.95
202003,CLIENTES PEQUEÑOS,A2,15250.34
202003,CLIENTES PEQUEÑOS,A3,16588.11
202003,CLIENTES PEQUEÑOS,A4,13346.94
202003,CLIENTES PEQUEÑOS,A5,16240.45
202003,CLIENTES PEQUEÑOS,A6,16588.39
202003,CLIENTES PEQUEÑOS,A7,16490.05
202003,CLIENTES PEQUEÑOS,A8,11056.00
202003,CLIENTES PEQUEÑOS,A9,8307.60
202003,CLIENTES PEQUEÑOS,A10,19825.80
202003,CLIENTES PEQUEÑOS,A11,23416.86
202003,CLIENTES PEQUEÑOS,A14,17756.93
202003,CLIENTES PEQUEÑOS,A15,13693.28
202003,CLIENTES PEQUEÑOS,A16,16316.23
202003,CLIENTES PEQUEÑOS,A17,17333.87
202003,CLIENTES PEQUEÑOS,A18,10363.89
202003,CLIENTES PEQUEÑOS,A19,15815.01
202003,CLIENTES PEQUEÑOS,A20,10749.63
202003,CLIENTES PEQUEÑOS,A21,8750.97
202003,CLIENTES PEQUEÑOS,A22,16789.52
202003,CLIENTES PEQUEÑOS,A23,12336.52
202003,CLIENTES PEQUEÑOS,A25,22430.65
202004,CLIENTES GRANDES,A1,11366.20
202004,CLIENTES GRANDES,A2,16783.55
202004,CLIENTES GRANDES,A3,16984.21
202004,CLIENTES GRANDES,A4,14387.94
202004,CLIENTES GRANDES,A5,17073.09
202004,CLIENTES GRANDES,A6,16290.43
202004,CLIENTES GRANDES,A7,16764.29
202004,CLIENTES GRANDES,A8,11749.85
202004,CLIENTES GRANDES,A9,8516.99
202004,CLIENTES GRANDES,A10,20008.73
202004,CLIENTES GRANDES,A11,24497.41
202004,CLIENTES GRANDES,A12,24910.34
202004,CLIENTES GRANDES,A13,18912.23
202004,CLIENTES GRANDES,A14,21381.27
202004,CLIENTES GRANDES,A15,13997.62
202004,CLIENTES GRANDES,A16,17013.89
202004,CLIENTES GRANDES,A17,17235.56
202004,CLIENTES GRANDES,A18,11207.72
202004,CLIENTES GRANDES,A19,17425.16
202004,CLIENTES GRANDES,A20,12418.80
202004,CLIENTES GRANDES,A21,9484.95
202004,CLIENTES GRANDES,A22,16799.63
202004,CLIENTES GRANDES,A23,13600.13
202004,CLIENTES GRANDES,A24,13710.70
202004,CLIENTES GRANDES,A26,17082.29
202004,CLIENTES GRANDES,A25,21072.46
202004,CLIENTES PEQUEÑOS,A1,11366.20
202004,CLIENTES PEQUEÑOS,A2,16783.55
202004,CLIENTES PEQUEÑOS,A3,16984.21
202004,CLIENTES PEQUEÑOS,A4,14387.94
202004,CLIENTES PEQUEÑOS,A5,17073.09
202004,CLIENTES PEQUEÑOS,A6,16290.43
202004,CLIENTES PEQUEÑOS,A7,16764.29
202004,CLIENTES PEQUEÑOS,A8,11749.85
202004,CLIENTES PEQUEÑOS,A9,8516.99
202004,CLIENTES PEQUEÑOS,A10,20008.73
202004,CLIENTES PEQUEÑOS,A11,24497.41
202004,CLIENTES PEQUEÑOS,A14,21381.27
202004,CLIENTES PEQUEÑOS,A15,13997.62
202004,CLIENTES PEQUEÑOS,A16,17013.89
202004,CLIENTES PEQUEÑOS,A17,17235.56
202004,CLIENTES PEQUEÑOS,A18,11207.72
202004,CLIENTES PEQUEÑOS,A19,17425.16
202004,CLIENTES PEQUEÑOS,A20,12418.80
202004,CLIENTES PEQUEÑOS,A21,9484.95
202004,CLIENTES PEQUEÑOS,A22,16799.63
202004,CLIENTES PEQUEÑOS,A23,13600.13
202004,CLIENTES PEQUEÑOS,A25,21072.46
202005,CLIENTES GRANDES,A1,12094.32
202005,CLIENTES GRANDES,A2,16166.30
202005,CLIENTES GRANDES,A3,17027.00
202005,CLIENTES GRANDES,A4,13801.67
202005,CLIENTES GRANDES,A5,16404.97
202005,CLIENTES GRANDES,A6,16497.78
202005,CLIENTES GRANDES,A7,16451.97
202005,CLIENTES GRANDES,A8,10869.48
202005,CLIENTES GRANDES,A9,8570.84
202005,CLIENTES GRANDES,A10,20398.03
202005,CLIENTES GRANDES,A11,24710.72
202005,CLIENTES GRANDES,A12,24133.34
202005,CLIENTES GRANDES,A13,19955.93
202005,CLIENTES GRANDES,A14,18377.24
202005,CLIENTES GRANDES,A15,14815.15
202005,CLIENTES GRANDES,A16,16680.84
202005,CLIENTES GRANDES,A17,16950.65
202005,CLIENTES GRANDES,A18,10756.30
202005,CLIENTES GRANDES,A19,15603.90
202005,CLIENTES GRANDES,A20,11556.79
202005,CLIENTES GRANDES,A21,9001.43
202005,CLIENTES GRANDES,A22,17157.81
202005,CLIENTES GRANDES,A23,12303.90
202005,CLIENTES GRANDES,A24,12110.65
202005,CLIENTES GRANDES,A26,18453.84
202005,CLIENTES GRANDES,A25,22526.33
202005,CLIENTES PEQUEÑOS,A1,12094.32
202005,CLIENTES PEQUEÑOS,A2,16166.30
202005,CLIENTES PEQUEÑOS,A3,17027.00
202005,CLIENTES PEQUEÑOS,A4,13801.67
202005,CLIENTES PEQUEÑOS,A5,16404.97
202005,CLIENTES PEQUEÑOS,A6,16497.78
202005,CLIENTES PEQUEÑOS,A7,16451.97
202005,CLIENTES PEQUEÑOS,A8,10869.48
202005,CLIENTES PEQUEÑOS,A9,8570.84
202005,CLIENTES PEQUEÑOS,A10,20398.03
202005,CLIENTES PEQUEÑOS,A11,24710.72
202005,CLIENTES PEQUEÑOS,A14,18377.24
202005,CLIENTES PEQUEÑOS,A15,14815.15
202005,CLIENTES PEQUEÑOS,A16,16680.84
202005,CLIENTES PEQUEÑOS,A17,16950.65
202005,CLIENTES PEQUEÑOS,A18,10756.30
202005,CLIENTES PEQUEÑOS,A19,15603.90
202005,CLIENTES PEQUEÑOS,A20,11556.79
202005,CLIENTES PEQUEÑOS,A21,9001.43
202005,CLIENTES PEQUEÑOS,A22,17157.81
202005,CLIENTES PEQUEÑOS,A23,12303.90
202005,CLIENTES PEQUEÑOS,A25,22526.33
202006,CLIENTES GRANDES,A1,11172.95
202006,CLIENTES GRANDES,A2,15250.34
202006,CLIENTES GRANDES,A3,16588.11
202006,CLIENTES GRANDES,A4,13346.94
202006,CLIENTES GRANDES,A5,16240.45
202006,CLIENTES GRANDES,A6,16588.39
202006,CLIENTES GRANDES,A7,16490.05
202006,CLIENTES GRANDES,A8,11056.00
202006,CLIENTES GRANDES,A9,8307.60
202006,CLIENTES GRANDES,A10,19825.80
202006,CLIENTES GRANDES,A11,23416.86
202006,CLIENTES GRANDES,A12,24961.74
202006,CLIENTES GRANDES,A13,19398.35
202006,CLIENTES GRANDES,A14,17756.93
202006,CLIENTES GRANDES,A15,13693.28
202006,CLIENTES GRANDES,A16,16316.23
202006,CLIENTES GRANDES,A17,17333.87
202006,CLIENTES GRANDES,A18,10363.89
202006,CLIENTES GRANDES,A19,15815.01
202006,CLIENTES GRANDES,A20,10749.63
202006,CLIENTES GRANDES,A21,8750.97
202006,CLIENTES GRANDES,A22,16789.52
202006,CLIENTES GRANDES,A23,12336.52
202006,CLIENTES GRANDES,A24,12366.91
202006,CLIENTES GRANDES,A26,17986.11
202006,CLIENTES GRANDES,A25,22430.65
202006,CLIENTES PEQUEÑOS,A1,11172.95
202006,CLIENTES PEQUEÑOS,A2,15250.34
202006,CLIENTES PEQUEÑOS,A3,16588.11
202006,CLIENTES PEQUEÑOS,A4,13346.94
202006,CLIENTES PEQUEÑOS,A5,16240.45
202006,CLIENTES PEQUEÑOS,A6,16588.39
202006,CLIENTES PEQUEÑOS,A7,16490.05
202006,CLIENTES PEQUEÑOS,A8,11056.00
202006,CLIENTES PEQUEÑOS,A9,8307.60
202006,CLIENTES PEQUEÑOS,A10,19825.80
202006,CLIENTES PEQUEÑOS,A11,23416.86
202006,CLIENTES PEQUEÑOS,A14,17756.93
202006,CLIENTES PEQUEÑOS,A15,13693.28
202006,CLIENTES PEQUEÑOS,A16,16316.23
202006,CLIENTES PEQUEÑOS,A17,17333.87
202006,CLIENTES PEQUEÑOS,A18,10363.89
202006,CLIENTES PEQUEÑOS,A19,15815.01
202006,CLIENTES PEQUEÑOS,A20,10749.63
202006,CLIENTES PEQUEÑOS,A21,8750.97
202006,CLIENTES PEQUEÑOS,A22,16789.52
202006,CLIENTES PEQUEÑOS,A23,12336.52
202006,CLIENTES PEQUEÑOS,A25,22430.65
