MES/AÑO,TIPO CLIENTES,PRODUCTO,VENTAS (TON)
201801,CLIENTES GRANDES,A1,5.58316
201801,CLIENTES GRANDES,A2,41.29704
201801,CLIENTES GRANDES,A3,2.5531
201801,CLIENTES GRANDES,A4,36.453888
201801,CLIENTES GRANDES,A5,13.792896
201801,CLIENTES GRANDES,A6,3.86672
201801,CLIENTES GRANDES,A7,3.06774
201801,CLIENTES GRANDES,A8,8.197056
201801,CLIENTES GRANDES,A9,10.50377
201801,CLIENTES GRANDES,A10,6.164046
201801,CLIENTES GRANDES,A11,11.457936
201801,CLIENTES GRANDES,A12,5.890212
201801,CLIENTES GRANDES,A13,8.324942
201801,CLIENTES GRANDES,A14,12.737952
201801,CLIENTES GRANDES,A15,4.980459
201801,CLIENTES GRANDES,A16,3.430504
201801,CLIENTES GRANDES,A17,3.37945
201801,CLIENTES GRANDES,A18,30.701544
201801,CLIENTES GRANDES,A19,28.142437
201801,CLIENTES GRANDES,A20,47.220214
201801,CLIENTES GRANDES,A21,60.109382
201801,CLIENTES GRANDES,A22,5.71285
201801,CLIENTES GRANDES,A23,46.993383
201801,CLIENTES GRANDES,A24,6.924636
201801,CLIENTES PEQUEÑOS,A1,17.06016
201801,CLIENTES PEQUEÑOS,A2,26.181225
201801,CLIENTES PEQUEÑOS,A3,11.2035
201801,CLIENTES PEQUEÑOS,A4,58.850307
201801,CLIENTES PEQUEÑOS,A5,10.001498
201801,CLIENTES PEQUEÑOS,A6,1.383044
201801,CLIENTES PEQUEÑOS,A7,1.000714
201801,CLIENTES PEQUEÑOS,A8,8.133786
201801,CLIENTES PEQUEÑOS,A9,50.095973
201801,CLIENTES PEQUEÑOS,A10,13.347978
201801,CLIENTES PEQUEÑOS,A11,3.232224
201801,CLIENTES PEQUEÑOS,A14,4.022792
201801,CLIENTES PEQUEÑOS,A15,0.847275
201801,CLIENTES PEQUEÑOS,A16,1.490468
201801,CLIENTES PEQUEÑOS,A17,3.7661
201801,CLIENTES PEQUEÑOS,A18,185.471611
201801,CLIENTES PEQUEÑOS,A19,46.825927
201801,CLIENTES PEQUEÑOS,A20,35.717173
201801,CLIENTES PEQUEÑOS,A21,51.742798
201801,CLIENTES PEQUEÑOS,A22,16.2334
201801,CLIENTES PEQUEÑOS,A23,55.462572
201802,CLIENTES GRANDES,A1,10.44924
201802,CLIENTES GRANDES,A2,38.199285
201802,CLIENTES GRANDES,A3,3.95745
201802,CLIENTES GRANDES,A4,41.667192
201802,CLIENTES GRANDES,A5,20.971158
201802,CLIENTES GRANDES,A6,5.620914
201802,CLIENTES GRANDES,A7,5.04192
201802,CLIENTES GRANDES,A8,14.701972
201802,CLIENTES GRANDES,A9,9.35032
201802,CLIENTES GRANDES,A10,10.539648
201802,CLIENTES GRANDES,A11,10.027152
201802,CLIENTES GRANDES,A12,3.000078
201802,CLIENTES GRANDES,A13,4.788692
201802,CLIENTES GRANDES,A14,24.724632
201802,CLIENTES GRANDES,A15,8.83575
201802,CLIENTES GRANDES,A16,3.095876
201802,CLIENTES GRANDES,A17,6.8631
201802,CLIENTES GRANDES,A18,6.976308
201802,CLIENTES GRANDES,A19,34.197348
201802,CLIENTES GRANDES,A20,46.688672
201802,CLIENTES GRANDES,A21,65.639652
201802,CLIENTES GRANDES,A22,10.6808
201802,CLIENTES GRANDES,A23,51.849504
201802,CLIENTES GRANDES,A24,13.220892
201802,CLIENTES PEQUEÑOS,A1,37.9168
201802,CLIENTES PEQUEÑOS,A2,33.97707
201802,CLIENTES PEQUEÑOS,A3,22.53825
201802,CLIENTES PEQUEÑOS,A4,93.575232
201802,CLIENTES PEQUEÑOS,A5,20.91583
201802,CLIENTES PEQUEÑOS,A6,3.580512
201802,CLIENTES PEQUEÑOS,A7,2.093078
201802,CLIENTES PEQUEÑOS,A8,16.24804
201802,CLIENTES PEQUEÑOS,A9,122.861096
201802,CLIENTES PEQUEÑOS,A10,21.547806
201802,CLIENTES PEQUEÑOS,A11,2.718918
201802,CLIENTES PEQUEÑOS,A14,6.976429
201802,CLIENTES PEQUEÑOS,A15,5.733354
201802,CLIENTES PEQUEÑOS,A16,1.915256
201802,CLIENTES PEQUEÑOS,A17,7.60695
201802,CLIENTES PEQUEÑOS,A18,415.400134
201802,CLIENTES PEQUEÑOS,A19,64.994406
201802,CLIENTES PEQUEÑOS,A20,59.56371
201802,CLIENTES PEQUEÑOS,A21,121.461158
201802,CLIENTES PEQUEÑOS,A22,39.03325
201802,CLIENTES PEQUEÑOS,A23,91.741572
201803,CLIENTES GRANDES,A1,9.33408
201803,CLIENTES GRANDES,A2,37.422
201803,CLIENTES GRANDES,A3,3.2784
201803,CLIENTES GRANDES,A4,34.622208
201803,CLIENTES GRANDES,A5,23.677056
201803,CLIENTES GRANDES,A6,5.471232
201803,CLIENTES GRANDES,A7,4.532736
201803,CLIENTES GRANDES,A8,19.798836
201803,CLIENTES GRANDES,A9,11.6112
201803,CLIENTES GRANDES,A10,9.900576
201803,CLIENTES GRANDES,A11,10.450944
201803,CLIENTES GRANDES,A12,4.20876
201803,CLIENTES GRANDES,A13,6.80202
201803,CLIENTES GRANDES,A14,24.606504
201803,CLIENTES GRANDES,A15,10.811097
201803,CLIENTES GRANDES,A16,3.556224
201803,CLIENTES GRANDES,A17,5.9535
201803,CLIENTES GRANDES,A18,24.01816
201803,CLIENTES GRANDES,A19,54.451788
201803,CLIENTES GRANDES,A20,64.22904
201803,CLIENTES GRANDES,A21,79.968816
201803,CLIENTES GRANDES,A22,8.0946
201803,CLIENTES GRANDES,A23,65.753856
201803,CLIENTES GRANDES,A24,8.025696
201803,CLIENTES PEQUEÑOS,A1,45.13
201803,CLIENTES PEQUEÑOS,A2,24.652215
201803,CLIENTES PEQUEÑOS,A3,29.03
201803,CLIENTES PEQUEÑOS,A4,148.518378
201803,CLIENTES PEQUEÑOS,A5,25.774736
201803,CLIENTES PEQUEÑOS,A6,3.615898
201803,CLIENTES PEQUEÑOS,A7,2.192242
201803,CLIENTES PEQUEÑOS,A8,20.452968
201803,CLIENTES PEQUEÑOS,A9,137.066491
201803,CLIENTES PEQUEÑOS,A10,27.917358
201803,CLIENTES PEQUEÑOS,A11,3.83715
201803,CLIENTES PEQUEÑOS,A14,6.550837
201803,CLIENTES PEQUEÑOS,A15,4.551162
201803,CLIENTES PEQUEÑOS,A16,2.821224
201803,CLIENTES PEQUEÑOS,A17,9.75965
201803,CLIENTES PEQUEÑOS,A18,330.182432
201803,CLIENTES PEQUEÑOS,A19,51.677654
201803,CLIENTES PEQUEÑOS,A20,92.445277
201803,CLIENTES PEQUEÑOS,A21,129.611808
201803,CLIENTES PEQUEÑOS,A22,38.60795
201803,CLIENTES PEQUEÑOS,A23,78.025968
201804,CLIENTES GRANDES,A1,14.15568
201804,CLIENTES GRANDES,A2,44.561921
201804,CLIENTES GRANDES,A3,3.3113
201804,CLIENTES GRANDES,A4,37.178172
201804,CLIENTES GRANDES,A5,20.50204
201804,CLIENTES GRANDES,A6,4.970706
201804,CLIENTES GRANDES,A7,3.77208
201804,CLIENTES GRANDES,A8,21.622532
201804,CLIENTES GRANDES,A9,11.357205
201804,CLIENTES GRANDES,A10,10.608066
201804,CLIENTES GRANDES,A11,7.414416
201804,CLIENTES GRANDES,A12,4.791258
201804,CLIENTES GRANDES,A13,7.45959
201804,CLIENTES GRANDES,A14,18.331506
201804,CLIENTES GRANDES,A15,11.317218
201804,CLIENTES GRANDES,A16,2.58412
201804,CLIENTES GRANDES,A17,7.4965
201804,CLIENTES GRANDES,A18,9.450484
201804,CLIENTES GRANDES,A19,38.259397
201804,CLIENTES GRANDES,A20,46.628658
201804,CLIENTES GRANDES,A21,43.020642
201804,CLIENTES GRANDES,A22,11.0043
201804,CLIENTES GRANDES,A23,50.298696
201804,CLIENTES GRANDES,A24,10.805184
201804,CLIENTES PEQUEÑOS,A1,41.1422
201804,CLIENTES PEQUEÑOS,A2,45.78255
201804,CLIENTES PEQUEÑOS,A3,22.01855
201804,CLIENTES PEQUEÑOS,A4,92.797578
201804,CLIENTES PEQUEÑOS,A5,13.492076
201804,CLIENTES PEQUEÑOS,A6,3.793816
201804,CLIENTES PEQUEÑOS,A7,2.59623
201804,CLIENTES PEQUEÑOS,A8,19.079686
201804,CLIENTES PEQUEÑOS,A9,118.613012
201804,CLIENTES PEQUEÑOS,A10,20.353242
201804,CLIENTES PEQUEÑOS,A11,4.104432
201804,CLIENTES PEQUEÑOS,A14,7.033975
201804,CLIENTES PEQUEÑOS,A15,4.654782
201804,CLIENTES PEQUEÑOS,A16,2.19464
201804,CLIENTES PEQUEÑOS,A17,5.93735
201804,CLIENTES PEQUEÑOS,A18,341.354012
201804,CLIENTES PEQUEÑOS,A19,105.076555
201804,CLIENTES PEQUEÑOS,A20,64.961455
201804,CLIENTES PEQUEÑOS,A21,67.85108
201804,CLIENTES PEQUEÑOS,A22,40.63815
201804,CLIENTES PEQUEÑOS,A23,82.274364
201805,CLIENTES GRANDES,A1,12.8166
201805,CLIENTES GRANDES,A2,50.492435
201805,CLIENTES GRANDES,A3,2.99725
201805,CLIENTES GRANDES,A4,32.327424
201805,CLIENTES GRANDES,A5,30.890184
201805,CLIENTES GRANDES,A6,8.03582
201805,CLIENTES GRANDES,A7,8.515988
201805,CLIENTES GRANDES,A8,20.990592
201805,CLIENTES GRANDES,A9,12.47083
201805,CLIENTES GRANDES,A10,10.700718
201805,CLIENTES GRANDES,A11,10.007712
201805,CLIENTES GRANDES,A12,7.832052
201805,CLIENTES GRANDES,A13,12.414135
201805,CLIENTES GRANDES,A14,13.756254
201805,CLIENTES GRANDES,A15,9.358998
201805,CLIENTES GRANDES,A16,2.706956
201805,CLIENTES GRANDES,A17,7.90705
201805,CLIENTES GRANDES,A18,15.638001
201805,CLIENTES GRANDES,A19,32.98033
201805,CLIENTES GRANDES,A20,41.058937
201805,CLIENTES GRANDES,A21,91.549794
201805,CLIENTES GRANDES,A22,10.04725
201805,CLIENTES GRANDES,A23,64.65312
201805,CLIENTES GRANDES,A24,13.80132
201805,CLIENTES PEQUEÑOS,A1,36.9488
201805,CLIENTES PEQUEÑOS,A2,35.245665
201805,CLIENTES PEQUEÑOS,A3,18.48785
201805,CLIENTES PEQUEÑOS,A4,114.450534
201805,CLIENTES PEQUEÑOS,A5,28.153528
201805,CLIENTES PEQUEÑOS,A6,2.518126
201805,CLIENTES PEQUEÑOS,A7,2.399566
201805,CLIENTES PEQUEÑOS,A8,16.21365
201805,CLIENTES PEQUEÑOS,A9,118.159922
201805,CLIENTES PEQUEÑOS,A10,24.773322
201805,CLIENTES PEQUEÑOS,A11,2.159928
201805,CLIENTES PEQUEÑOS,A14,5.592565
201805,CLIENTES PEQUEÑOS,A15,4.085532
201805,CLIENTES PEQUEÑOS,A16,2.159528
201805,CLIENTES PEQUEÑOS,A17,5.75595
201805,CLIENTES PEQUEÑOS,A18,352.347305
201805,CLIENTES PEQUEÑOS,A19,40.471337
201805,CLIENTES PEQUEÑOS,A20,83.14196
201805,CLIENTES PEQUEÑOS,A21,133.018166
201805,CLIENTES PEQUEÑOS,A22,28.5264
201805,CLIENTES PEQUEÑOS,A23,89.330832
201806,CLIENTES GRANDES,A1,18.521
201806,CLIENTES GRANDES,A2,57.205395
201806,CLIENTES GRANDES,A3,3.67905
201806,CLIENTES GRANDES,A4,46.84932
201806,CLIENTES GRANDES,A5,19.548672
201806,CLIENTES GRANDES,A6,3.423992
201806,CLIENTES GRANDES,A7,3.38936
201806,CLIENTES GRANDES,A8,25.746596
201806,CLIENTES GRANDES,A9,10.185465
201806,CLIENTES GRANDES,A10,10.732974
201806,CLIENTES GRANDES,A11,21.827232
201806,CLIENTES GRANDES,A12,4.20093
201806,CLIENTES GRANDES,A13,5.951848
201806,CLIENTES GRANDES,A14,17.737416
201806,CLIENTES GRANDES,A15,9.408894
201806,CLIENTES GRANDES,A16,3.76068
201806,CLIENTES GRANDES,A17,6.2808
201806,CLIENTES GRANDES,A18,20.393259
201806,CLIENTES GRANDES,A19,43.934043
201806,CLIENTES GRANDES,A20,64.894041
201806,CLIENTES GRANDES,A21,81.50225
201806,CLIENTES GRANDES,A22,10.04745
201806,CLIENTES GRANDES,A23,68.73534
201806,CLIENTES GRANDES,A24,11.533392
201806,CLIENTES PEQUEÑOS,A1,38.4374
201806,CLIENTES PEQUEÑOS,A2,67.010265
201806,CLIENTES PEQUEÑOS,A3,30.28665
201806,CLIENTES PEQUEÑOS,A4,68.129088
201806,CLIENTES PEQUEÑOS,A5,23.098686
201806,CLIENTES PEQUEÑOS,A6,4.216966
201806,CLIENTES PEQUEÑOS,A7,2.03112
201806,CLIENTES PEQUEÑOS,A8,18.692048
201806,CLIENTES PEQUEÑOS,A9,106.879227
201806,CLIENTES PEQUEÑOS,A10,23.998842
201806,CLIENTES PEQUEÑOS,A11,5.799384
201806,CLIENTES PEQUEÑOS,A14,6.807678
201806,CLIENTES PEQUEÑOS,A15,4.540932
201806,CLIENTES PEQUEÑOS,A16,2.387588
201806,CLIENTES PEQUEÑOS,A17,3.90375
201806,CLIENTES PEQUEÑOS,A18,350.818298
201806,CLIENTES PEQUEÑOS,A19,111.310644
201806,CLIENTES PEQUEÑOS,A20,47.641089
201806,CLIENTES PEQUEÑOS,A21,91.545
201806,CLIENTES PEQUEÑOS,A22,40.54885
201806,CLIENTES PEQUEÑOS,A23,78.716808
201807,CLIENTES GRANDES,A1,11.41128
201807,CLIENTES GRANDES,A2,43.88904
201807,CLIENTES GRANDES,A3,2.6832
201807,CLIENTES GRANDES,A4,48.411576
201807,CLIENTES GRANDES,A5,22.638694
201807,CLIENTES GRANDES,A6,5.44128
201807,CLIENTES GRANDES,A7,5.586048
201807,CLIENTES GRANDES,A8,21.137348
201807,CLIENTES GRANDES,A9,12.559625
201807,CLIENTES GRANDES,A10,11.499264
201807,CLIENTES GRANDES,A11,16.40574
201807,CLIENTES GRANDES,A12,5.46264
201807,CLIENTES GRANDES,A13,6.97176
201807,CLIENTES GRANDES,A14,42.044184
201807,CLIENTES GRANDES,A15,5.032368
201807,CLIENTES GRANDES,A16,2.63088
201807,CLIENTES GRANDES,A17,6.02815
201807,CLIENTES GRANDES,A18,14.274752
201807,CLIENTES GRANDES,A19,68.40733
201807,CLIENTES GRANDES,A20,67.015584
201807,CLIENTES GRANDES,A21,87.959088
201807,CLIENTES GRANDES,A22,9.617
201807,CLIENTES GRANDES,A23,83.64384
201807,CLIENTES GRANDES,A24,10.257408
201807,CLIENTES PEQUEÑOS,A1,27.32848
201807,CLIENTES PEQUEÑOS,A2,36.95931
201807,CLIENTES PEQUEÑOS,A3,23.3644
201807,CLIENTES PEQUEÑOS,A4,139.980831
201807,CLIENTES PEQUEÑOS,A5,20.572864
201807,CLIENTES PEQUEÑOS,A6,3.075436
201807,CLIENTES PEQUEÑOS,A7,1.85406
201807,CLIENTES PEQUEÑOS,A8,19.889238
201807,CLIENTES PEQUEÑOS,A9,88.984671
201807,CLIENTES PEQUEÑOS,A10,26.571846
201807,CLIENTES PEQUEÑOS,A11,3.29877
201807,CLIENTES PEQUEÑOS,A14,5.763386
201807,CLIENTES PEQUEÑOS,A15,1.037883
201807,CLIENTES PEQUEÑOS,A16,0.98
201807,CLIENTES PEQUEÑOS,A17,6.6297
201807,CLIENTES PEQUEÑOS,A18,281.954559
201807,CLIENTES PEQUEÑOS,A19,77.846897
201807,CLIENTES PEQUEÑOS,A20,83.197793
201807,CLIENTES PEQUEÑOS,A21,123.648344
201807,CLIENTES PEQUEÑOS,A22,38.4471
201807,CLIENTES PEQUEÑOS,A23,93.284604
201808,CLIENTES GRANDES,A1,15.91088
201808,CLIENTES GRANDES,A2,53.23302
201808,CLIENTES GRANDES,A3,3.47475
201808,CLIENTES GRANDES,A4,66.431088
201808,CLIENTES GRANDES,A5,19.603454
201808,CLIENTES GRANDES,A6,4.132934
201808,CLIENTES GRANDES,A7,4.562038
201808,CLIENTES GRANDES,A8,26.799196
201808,CLIENTES GRANDES,A9,14.847085
201808,CLIENTES GRANDES,A10,12.436452
201808,CLIENTES GRANDES,A11,18.782928
201808,CLIENTES GRANDES,A12,3.821562
201808,CLIENTES GRANDES,A13,7.188397
201808,CLIENTES GRANDES,A14,11.396592
201808,CLIENTES GRANDES,A15,16.002657
201808,CLIENTES GRANDES,A16,3.654952
201808,CLIENTES GRANDES,A17,6.7326
201808,CLIENTES GRANDES,A18,26.75913
201808,CLIENTES GRANDES,A19,17.351892
201808,CLIENTES GRANDES,A20,64.534993
201808,CLIENTES GRANDES,A21,96.411454
201808,CLIENTES GRANDES,A22,10.57425
201808,CLIENTES GRANDES,A23,76.704912
201808,CLIENTES GRANDES,A24,10.044648
201808,CLIENTES PEQUEÑOS,A1,51.66288
201808,CLIENTES PEQUEÑOS,A2,49.1859
201808,CLIENTES PEQUEÑOS,A3,24.8345
201808,CLIENTES PEQUEÑOS,A4,157.46103
201808,CLIENTES PEQUEÑOS,A5,24.680526
201808,CLIENTES PEQUEÑOS,A6,4.927494
201808,CLIENTES PEQUEÑOS,A7,3.212092
201808,CLIENTES PEQUEÑOS,A8,31.904952
201808,CLIENTES PEQUEÑOS,A9,147.686225
201808,CLIENTES PEQUEÑOS,A10,30.89856
201808,CLIENTES PEQUEÑOS,A11,6.177888
201808,CLIENTES PEQUEÑOS,A14,10.872514
201808,CLIENTES PEQUEÑOS,A15,6.047151
201808,CLIENTES PEQUEÑOS,A16,3.134432
201808,CLIENTES PEQUEÑOS,A17,11.11675
201808,CLIENTES PEQUEÑOS,A18,527.019186
201808,CLIENTES PEQUEÑOS,A19,86.566529
201808,CLIENTES PEQUEÑOS,A20,78.641317
201808,CLIENTES PEQUEÑOS,A21,131.999968
201808,CLIENTES PEQUEÑOS,A22,60.0566
201808,CLIENTES PEQUEÑOS,A23,91.240344
201809,CLIENTES GRANDES,A1,16.3296
201809,CLIENTES GRANDES,A2,67.9752
201809,CLIENTES GRANDES,A3,2.7984
201809,CLIENTES GRANDES,A4,65.684736
201809,CLIENTES GRANDES,A5,30.046848
201809,CLIENTES GRANDES,A6,4.562688
201809,CLIENTES GRANDES,A7,4.632576
201809,CLIENTES GRANDES,A8,24.840144
201809,CLIENTES GRANDES,A9,12.66612
201809,CLIENTES GRANDES,A10,14.0595
201809,CLIENTES GRANDES,A11,17.740944
201809,CLIENTES GRANDES,A12,4.17312
201809,CLIENTES GRANDES,A13,8.61534
201809,CLIENTES GRANDES,A14,26.593704
201809,CLIENTES GRANDES,A15,10.285704
201809,CLIENTES GRANDES,A16,2.848608
201809,CLIENTES GRANDES,A17,7.6599
201809,CLIENTES GRANDES,A18,13.673226
201809,CLIENTES GRANDES,A19,49.8417
201809,CLIENTES GRANDES,A20,67.617648
201809,CLIENTES GRANDES,A21,82.091232
201809,CLIENTES GRANDES,A22,10.1007
201809,CLIENTES GRANDES,A23,84.956256
201809,CLIENTES GRANDES,A24,14.364
201809,CLIENTES PEQUEÑOS,A1,44.68772
201809,CLIENTES PEQUEÑOS,A2,41.088195
201809,CLIENTES PEQUEÑOS,A3,35.844
201809,CLIENTES PEQUEÑOS,A4,148.862232
201809,CLIENTES PEQUEÑOS,A5,19.695832
201809,CLIENTES PEQUEÑOS,A6,3.414528
201809,CLIENTES PEQUEÑOS,A7,2.212782
201809,CLIENTES PEQUEÑOS,A8,18.360384
201809,CLIENTES PEQUEÑOS,A9,96.665895
201809,CLIENTES PEQUEÑOS,A10,37.218888
201809,CLIENTES PEQUEÑOS,A11,6.391872
201809,CLIENTES PEQUEÑOS,A14,13.572139
201809,CLIENTES PEQUEÑOS,A15,2.510508
201809,CLIENTES PEQUEÑOS,A16,2.171736
201809,CLIENTES PEQUEÑOS,A17,5.79885
201809,CLIENTES PEQUEÑOS,A18,382.974814
201809,CLIENTES PEQUEÑOS,A19,96.968363
201809,CLIENTES PEQUEÑOS,A20,83.931984
201809,CLIENTES PEQUEÑOS,A21,116.231992
201809,CLIENTES PEQUEÑOS,A22,37.73025
201809,CLIENTES PEQUEÑOS,A23,127.151712
201810,CLIENTES GRANDES,A1,6.39968
201810,CLIENTES GRANDES,A2,23.372505
201810,CLIENTES GRANDES,A3,1.6842
201810,CLIENTES GRANDES,A4,23.5557
201810,CLIENTES GRANDES,A5,11.251682
201810,CLIENTES GRANDES,A6,1.698892
201810,CLIENTES GRANDES,A7,2.509494
201810,CLIENTES GRANDES,A8,14.759618
201810,CLIENTES GRANDES,A9,5.13418
201810,CLIENTES GRANDES,A10,10.41831
201810,CLIENTES GRANDES,A11,3.584736
201810,CLIENTES GRANDES,A12,3.634632
201810,CLIENTES GRANDES,A13,6.909591
201810,CLIENTES GRANDES,A14,8.112744
201810,CLIENTES GRANDES,A15,11.682363
201810,CLIENTES GRANDES,A16,2.357068
201810,CLIENTES GRANDES,A17,5.77045
201810,CLIENTES GRANDES,A18,10.093684
201810,CLIENTES GRANDES,A19,26.380458
201810,CLIENTES GRANDES,A20,29.307737
201810,CLIENTES GRANDES,A21,49.056084
201810,CLIENTES GRANDES,A22,9.4898
201810,CLIENTES GRANDES,A23,60.921432
201810,CLIENTES GRANDES,A24,7.184808
201810,CLIENTES PEQUEÑOS,A1,48.07848
201810,CLIENTES PEQUEÑOS,A2,41.152545
201810,CLIENTES PEQUEÑOS,A3,23.58705
201810,CLIENTES PEQUEÑOS,A4,93.7773
201810,CLIENTES PEQUEÑOS,A5,25.239916
201810,CLIENTES PEQUEÑOS,A6,2.178644
201810,CLIENTES PEQUEÑOS,A7,1.239706
201810,CLIENTES PEQUEÑOS,A8,15.977746
201810,CLIENTES PEQUEÑOS,A9,113.906285
201810,CLIENTES PEQUEÑOS,A10,28.926366
201810,CLIENTES PEQUEÑOS,A11,2.980098
201810,CLIENTES PEQUEÑOS,A14,4.781378
201810,CLIENTES PEQUEÑOS,A15,7.267557
201810,CLIENTES PEQUEÑOS,A16,2.80546
201810,CLIENTES PEQUEÑOS,A17,5.36735
201810,CLIENTES PEQUEÑOS,A18,274.998753
201810,CLIENTES PEQUEÑOS,A19,43.987607
201810,CLIENTES PEQUEÑOS,A20,54.076869
201810,CLIENTES PEQUEÑOS,A21,93.245102
201810,CLIENTES PEQUEÑOS,A22,30.2103
201810,CLIENTES PEQUEÑOS,A23,95.869584
201811,CLIENTES GRANDES,A1,8.232
201811,CLIENTES GRANDES,A2,57.47112
201811,CLIENTES GRANDES,A3,4.3608
201811,CLIENTES GRANDES,A4,42.47424
201811,CLIENTES GRANDES,A5,17.74656
201811,CLIENTES GRANDES,A6,3.838848
201811,CLIENTES GRANDES,A7,3.539328
201811,CLIENTES GRANDES,A8,21.794976
201811,CLIENTES GRANDES,A9,22.50024
201811,CLIENTES GRANDES,A10,11.922624
201811,CLIENTES GRANDES,A11,10.579248
201811,CLIENTES GRANDES,A12,4.07268
201811,CLIENTES GRANDES,A13,10.15542
201811,CLIENTES GRANDES,A14,19.688184
201811,CLIENTES GRANDES,A15,12.032064
201811,CLIENTES GRANDES,A16,3.65904
201811,CLIENTES GRANDES,A17,6.183
201811,CLIENTES GRANDES,A18,16.804672
201811,CLIENTES GRANDES,A19,51.74504
201811,CLIENTES GRANDES,A20,57.48912
201811,CLIENTES GRANDES,A21,82.2528
201811,CLIENTES GRANDES,A22,7.8165
201811,CLIENTES GRANDES,A23,79.392096
201811,CLIENTES GRANDES,A24,9.531648
201811,CLIENTES PEQUEÑOS,A1,50.06728
201811,CLIENTES PEQUEÑOS,A2,46.578465
201811,CLIENTES PEQUEÑOS,A3,28.9464
201811,CLIENTES PEQUEÑOS,A4,97.356771
201811,CLIENTES PEQUEÑOS,A5,19.10051
201811,CLIENTES PEQUEÑOS,A6,3.674112
201811,CLIENTES PEQUEÑOS,A7,1.904916
201811,CLIENTES PEQUEÑOS,A8,20.569628
201811,CLIENTES PEQUEÑOS,A9,150.438055
201811,CLIENTES PEQUEÑOS,A10,26.35521
201811,CLIENTES PEQUEÑOS,A11,5.72247
201811,CLIENTES PEQUEÑOS,A14,4.602806
201811,CLIENTES PEQUEÑOS,A15,4.958844
201811,CLIENTES PEQUEÑOS,A16,2.88498
201811,CLIENTES PEQUEÑOS,A17,4.8804
201811,CLIENTES PEQUEÑOS,A18,311.958901
201811,CLIENTES PEQUEÑOS,A19,68.332484
201811,CLIENTES PEQUEÑOS,A20,74.103526
201811,CLIENTES PEQUEÑOS,A21,105.44233
201811,CLIENTES PEQUEÑOS,A22,13.98465
201811,CLIENTES PEQUEÑOS,A23,82.647432
201812,CLIENTES GRANDES,A1,7.57656
201812,CLIENTES GRANDES,A2,39.78621
201812,CLIENTES GRANDES,A3,2.9345
201812,CLIENTES GRANDES,A4,44.85168
201812,CLIENTES GRANDES,A5,13.853996
201812,CLIENTES GRANDES,A6,3.693378
201812,CLIENTES GRANDES,A7,3.028532
201812,CLIENTES GRANDES,A8,17.351256
201812,CLIENTES GRANDES,A9,17.00616
201812,CLIENTES GRANDES,A10,10.5609
201812,CLIENTES GRANDES,A11,5.762016
201812,CLIENTES GRANDES,A12,3.203496
201812,CLIENTES GRANDES,A13,7.246955
201812,CLIENTES GRANDES,A14,13.234752
201812,CLIENTES GRANDES,A15,9.379821
201812,CLIENTES GRANDES,A16,2.149224
201812,CLIENTES GRANDES,A17,6.7817
201812,CLIENTES GRANDES,A18,16.360797
201812,CLIENTES GRANDES,A19,34.748366
201812,CLIENTES GRANDES,A20,44.220402
201812,CLIENTES GRANDES,A21,51.619548
201812,CLIENTES GRANDES,A22,9.88395
201812,CLIENTES GRANDES,A23,72.684756
201812,CLIENTES GRANDES,A24,10.237968
201812,CLIENTES PEQUEÑOS,A1,34.70716
201812,CLIENTES PEQUEÑOS,A2,42.41223
201812,CLIENTES PEQUEÑOS,A3,22.33475
201812,CLIENTES PEQUEÑOS,A4,123.528651
201812,CLIENTES PEQUEÑOS,A5,23.802142
201812,CLIENTES PEQUEÑOS,A6,2.723006
201812,CLIENTES PEQUEÑOS,A7,1.683214
201812,CLIENTES PEQUEÑOS,A8,16.19161
201812,CLIENTES PEQUEÑOS,A9,140.839984
201812,CLIENTES PEQUEÑOS,A10,21.017346
201812,CLIENTES PEQUEÑOS,A11,1.767942
201812,CLIENTES PEQUEÑOS,A14,5.839654
201812,CLIENTES PEQUEÑOS,A15,3.088668
201812,CLIENTES PEQUEÑOS,A16,1.640408
201812,CLIENTES PEQUEÑOS,A17,4.4998
201812,CLIENTES PEQUEÑOS,A18,370.674552
201812,CLIENTES PEQUEÑOS,A19,54.990239
201812,CLIENTES PEQUEÑOS,A20,55.979853
201812,CLIENTES PEQUEÑOS,A21,122.505944
201812,CLIENTES PEQUEÑOS,A22,44.49525
201812,CLIENTES PEQUEÑOS,A23,115.141248
201901,CLIENTES GRANDES,A1,8.12448
201901,CLIENTES GRANDES,A2,32.36112
201901,CLIENTES GRANDES,A3,2.7528
201901,CLIENTES GRANDES,A4,30.281472
201901,CLIENTES GRANDES,A5,16.408704
201901,CLIENTES GRANDES,A6,2.441088
201901,CLIENTES GRANDES,A7,2.64576
201901,CLIENTES GRANDES,A8,16.31112
201901,CLIENTES GRANDES,A9,18.42216
201901,CLIENTES GRANDES,A10,6.846336
201901,CLIENTES GRANDES,A11,7.60104
201901,CLIENTES GRANDES,A12,2.89656
201901,CLIENTES GRANDES,A13,8.23032
201901,CLIENTES GRANDES,A14,22.87764
201901,CLIENTES GRANDES,A15,7.013952
201901,CLIENTES GRANDES,A16,2.007936
201901,CLIENTES GRANDES,A17,3.618
201901,CLIENTES GRANDES,A18,9.978176
201901,CLIENTES GRANDES,A19,30.11471
201901,CLIENTES GRANDES,A20,42.933024
201901,CLIENTES GRANDES,A21,70.53912
201901,CLIENTES GRANDES,A22,5.7132
201901,CLIENTES GRANDES,A23,55.181952
201901,CLIENTES GRANDES,A24,5.854464
201901,CLIENTES PEQUEÑOS,A1,13.79224
201901,CLIENTES PEQUEÑOS,A2,19.22769
201901,CLIENTES PEQUEÑOS,A3,13.82395
201901,CLIENTES PEQUEÑOS,A4,40.796964
201901,CLIENTES PEQUEÑOS,A5,10.738572
201901,CLIENTES PEQUEÑOS,A6,1.79439
201901,CLIENTES PEQUEÑOS,A7,1.034722
201901,CLIENTES PEQUEÑOS,A8,7.875082
201901,CLIENTES PEQUEÑOS,A9,106.061055
201901,CLIENTES PEQUEÑOS,A10,7.05621
201901,CLIENTES PEQUEÑOS,A11,2.9547
201901,CLIENTES PEQUEÑOS,A14,5.193745
201901,CLIENTES PEQUEÑOS,A15,3.925416
201901,CLIENTES PEQUEÑOS,A16,2.068976
201901,CLIENTES PEQUEÑOS,A17,1.59715
201901,CLIENTES PEQUEÑOS,A18,240.763227
201901,CLIENTES PEQUEÑOS,A19,38.416057
201901,CLIENTES PEQUEÑOS,A20,42.32356
201901,CLIENTES PEQUEÑOS,A21,66.59529
201901,CLIENTES PEQUEÑOS,A22,17.23085
201901,CLIENTES PEQUEÑOS,A23,50.469444
201902,CLIENTES GRANDES,A1,13.81632
201902,CLIENTES GRANDES,A2,45.171225
201902,CLIENTES GRANDES,A3,3.0144
201902,CLIENTES GRANDES,A4,31.898664
201902,CLIENTES GRANDES,A5,20.746752
201902,CLIENTES GRANDES,A6,5.196672
201902,CLIENTES GRANDES,A7,3.724032
201902,CLIENTES GRANDES,A8,21.680064
201902,CLIENTES GRANDES,A9,11.577275
201902,CLIENTES GRANDES,A10,9.207072
201902,CLIENTES GRANDES,A11,7.002288
201902,CLIENTES GRANDES,A12,2.316402
201902,CLIENTES GRANDES,A13,7.146031
201902,CLIENTES GRANDES,A14,19.116864
201902,CLIENTES GRANDES,A15,8.453808
201902,CLIENTES GRANDES,A16,2.2316
201902,CLIENTES GRANDES,A17,5.62515
201902,CLIENTES GRANDES,A18,13.657012
201902,CLIENTES GRANDES,A19,40.170152
201902,CLIENTES GRANDES,A20,59.857342
201902,CLIENTES GRANDES,A21,70.794664
201902,CLIENTES GRANDES,A22,9.0234
201902,CLIENTES GRANDES,A23,62.95968
201902,CLIENTES GRANDES,A24,9.259452
201902,CLIENTES PEQUEÑOS,A1,40.6462
201902,CLIENTES PEQUEÑOS,A2,32.48676
201902,CLIENTES PEQUEÑOS,A3,14.7582
201902,CLIENTES PEQUEÑOS,A4,88.498935
201902,CLIENTES PEQUEÑOS,A5,20.844408
201902,CLIENTES PEQUEÑOS,A6,2.419846
201902,CLIENTES PEQUEÑOS,A7,1.462162
201902,CLIENTES PEQUEÑOS,A8,17.4876
201902,CLIENTES PEQUEÑOS,A9,141.107256
201902,CLIENTES PEQUEÑOS,A10,26.452986
201902,CLIENTES PEQUEÑOS,A11,2.709306
201902,CLIENTES PEQUEÑOS,A14,4.858543
201902,CLIENTES PEQUEÑOS,A15,3.589938
201902,CLIENTES PEQUEÑOS,A16,2.128868
201902,CLIENTES PEQUEÑOS,A17,7.21825
201902,CLIENTES PEQUEÑOS,A18,403.128682
201902,CLIENTES PEQUEÑOS,A19,55.859489
201902,CLIENTES PEQUEÑOS,A20,56.745568
201902,CLIENTES PEQUEÑOS,A21,118.500676
201902,CLIENTES PEQUEÑOS,A22,42.17295
201902,CLIENTES PEQUEÑOS,A23,90.514296
201903,CLIENTES GRANDES,A1,18.94368
201903,CLIENTES GRANDES,A2,60.79536
201903,CLIENTES GRANDES,A3,2.1912
201903,CLIENTES GRANDES,A4,40.766976
201903,CLIENTES GRANDES,A5,27.456
201903,CLIENTES GRANDES,A6,7.008768
201903,CLIENTES GRANDES,A7,9.38496
201903,CLIENTES GRANDES,A8,33.215952
201903,CLIENTES GRANDES,A9,10.22352
201903,CLIENTES GRANDES,A10,10.354176
201903,CLIENTES GRANDES,A11,12.581568
201903,CLIENTES GRANDES,A12,3.159
201903,CLIENTES GRANDES,A13,6.53292
201903,CLIENTES GRANDES,A14,15.42564
201903,CLIENTES GRANDES,A15,11.247984
201903,CLIENTES GRANDES,A16,2.890944
201903,CLIENTES GRANDES,A17,6.4071
201903,CLIENTES GRANDES,A18,16.500626
201903,CLIENTES GRANDES,A19,62.82635
201903,CLIENTES GRANDES,A20,60.781824
201903,CLIENTES GRANDES,A21,85.917456
201903,CLIENTES GRANDES,A22,9.3663
201903,CLIENTES GRANDES,A23,97.378848
201903,CLIENTES GRANDES,A24,14.902272
201903,CLIENTES PEQUEÑOS,A1,43.14304
201903,CLIENTES PEQUEÑOS,A2,48.74508
201903,CLIENTES PEQUEÑOS,A3,31.92635
201903,CLIENTES PEQUEÑOS,A4,139.424148
201903,CLIENTES PEQUEÑOS,A5,29.27301
201903,CLIENTES PEQUEÑOS,A6,2.57946
201903,CLIENTES PEQUEÑOS,A7,0.626964
201903,CLIENTES PEQUEÑOS,A8,21.887772
201903,CLIENTES PEQUEÑOS,A9,102.318234
201903,CLIENTES PEQUEÑOS,A10,18.048408
201903,CLIENTES PEQUEÑOS,A11,2.719818
201903,CLIENTES PEQUEÑOS,A14,3.919384
201903,CLIENTES PEQUEÑOS,A15,5.16879
201903,CLIENTES PEQUEÑOS,A16,2.896656
201903,CLIENTES PEQUEÑOS,A17,3.74995
201903,CLIENTES PEQUEÑOS,A18,436.107355
201903,CLIENTES PEQUEÑOS,A19,61.584858
201903,CLIENTES PEQUEÑOS,A20,72.561921
201903,CLIENTES PEQUEÑOS,A21,116.176232
201903,CLIENTES PEQUEÑOS,A22,30.4684
201903,CLIENTES PEQUEÑOS,A23,107.143164
201904,CLIENTES GRANDES,A1,14.77056
201904,CLIENTES GRANDES,A2,29.52288
201904,CLIENTES GRANDES,A3,2.8632
201904,CLIENTES GRANDES,A4,24.316416
201904,CLIENTES GRANDES,A5,13.638144
201904,CLIENTES GRANDES,A6,2.491008
201904,CLIENTES GRANDES,A7,3.549312
201904,CLIENTES GRANDES,A8,24.361344
201904,CLIENTES GRANDES,A9,11.7528
201904,CLIENTES GRANDES,A10,8.350272
201904,CLIENTES GRANDES,A11,2.542752
201904,CLIENTES GRANDES,A12,4.31568
201904,CLIENTES GRANDES,A13,8.76438
201904,CLIENTES GRANDES,A14,13.691808
201904,CLIENTES GRANDES,A15,12.809016
201904,CLIENTES GRANDES,A16,2.334528
201904,CLIENTES GRANDES,A17,5.9616
201904,CLIENTES GRANDES,A18,16.075444
201904,CLIENTES GRANDES,A19,33.960102
201904,CLIENTES GRANDES,A20,51.846768
201904,CLIENTES GRANDES,A21,53.412912
201904,CLIENTES GRANDES,A22,9.5175
201904,CLIENTES GRANDES,A23,66.745728
201904,CLIENTES GRANDES,A24,7.95312
201904,CLIENTES PEQUEÑOS,A1,29.0248
201904,CLIENTES PEQUEÑOS,A2,27.91584
201904,CLIENTES PEQUEÑOS,A3,23.684
201904,CLIENTES PEQUEÑOS,A4,47.736828
201904,CLIENTES PEQUEÑOS,A5,15.115464
201904,CLIENTES PEQUEÑOS,A6,3.408522
201904,CLIENTES PEQUEÑOS,A7,2.575716
201904,CLIENTES PEQUEÑOS,A8,11.6508
201904,CLIENTES PEQUEÑOS,A9,112.67576
201904,CLIENTES PEQUEÑOS,A10,13.676712
201904,CLIENTES PEQUEÑOS,A11,2.150064
201904,CLIENTES PEQUEÑOS,A14,4.655016
201904,CLIENTES PEQUEÑOS,A15,3.418437
201904,CLIENTES PEQUEÑOS,A16,1.583344
201904,CLIENTES PEQUEÑOS,A17,7.56015
201904,CLIENTES PEQUEÑOS,A18,234.986286
201904,CLIENTES PEQUEÑOS,A19,63.813573
201904,CLIENTES PEQUEÑOS,A20,52.97771
201904,CLIENTES PEQUEÑOS,A21,79.53348
201904,CLIENTES PEQUEÑOS,A22,17.53505
201904,CLIENTES PEQUEÑOS,A23,72.653688
201905,CLIENTES GRANDES,A1,15.41568
201905,CLIENTES GRANDES,A2,50.34312
201905,CLIENTES GRANDES,A3,3.156
201905,CLIENTES GRANDES,A4,55.413504
201905,CLIENTES GRANDES,A5,17.761536
201905,CLIENTES GRANDES,A6,3.434496
201905,CLIENTES GRANDES,A7,3.409536
201905,CLIENTES GRANDES,A8,27.6108
201905,CLIENTES GRANDES,A9,16.36896
201905,CLIENTES GRANDES,A10,8.563968
201905,CLIENTES GRANDES,A11,10.65312
201905,CLIENTES GRANDES,A12,3.86532
201905,CLIENTES GRANDES,A13,9.8532
201905,CLIENTES GRANDES,A14,20.090592
201905,CLIENTES GRANDES,A15,9.6228
201905,CLIENTES GRANDES,A16,2.068416
201905,CLIENTES GRANDES,A17,6.4152
201905,CLIENTES GRANDES,A18,20.337984
201905,CLIENTES GRANDES,A19,56.84212
201905,CLIENTES GRANDES,A20,64.617984
201905,CLIENTES GRANDES,A21,94.943232
201905,CLIENTES GRANDES,A22,8.667
201905,CLIENTES GRANDES,A23,127.008
201905,CLIENTES GRANDES,A24,12.011328
201905,CLIENTES PEQUEÑOS,A1,35.8102
201905,CLIENTES PEQUEÑOS,A2,50.547015
201905,CLIENTES PEQUEÑOS,A3,28.86655
201905,CLIENTES PEQUEÑOS,A4,89.607744
201905,CLIENTES PEQUEÑOS,A5,28.392104
201905,CLIENTES PEQUEÑOS,A6,3.105492
201905,CLIENTES PEQUEÑOS,A7,1.75539
201905,CLIENTES PEQUEÑOS,A8,19.852264
201905,CLIENTES PEQUEÑOS,A9,103.084388
201905,CLIENTES PEQUEÑOS,A10,21.809928
201905,CLIENTES PEQUEÑOS,A11,2.142594
201905,CLIENTES PEQUEÑOS,A14,11.506486
201905,CLIENTES PEQUEÑOS,A15,2.722599
201905,CLIENTES PEQUEÑOS,A16,1.814512
201905,CLIENTES PEQUEÑOS,A17,4.88035
201905,CLIENTES PEQUEÑOS,A18,388.869876
201905,CLIENTES PEQUEÑOS,A19,80.72505
201905,CLIENTES PEQUEÑOS,A20,53.835777
201905,CLIENTES PEQUEÑOS,A21,129.395636
201905,CLIENTES PEQUEÑOS,A22,31.90015
201905,CLIENTES PEQUEÑOS,A23,124.81866
201905,CLIENTES PEQUEÑOS,A25,37.81728
201906,CLIENTES GRANDES,A1,23.5872
201906,CLIENTES GRANDES,A2,47.63016
201906,CLIENTES GRANDES,A3,3.5256
201906,CLIENTES GRANDES,A4,63.120312
201906,CLIENTES GRANDES,A5,19.848192
201906,CLIENTES GRANDES,A6,3.724032
201906,CLIENTES GRANDES,A7,3.654144
201906,CLIENTES GRANDES,A8,38.514178
201906,CLIENTES GRANDES,A9,16.31232
201906,CLIENTES GRANDES,A10,10.03968
201906,CLIENTES GRANDES,A11,8.584704
201906,CLIENTES GRANDES,A12,4.7142
201906,CLIENTES GRANDES,A13,9.704137
201906,CLIENTES GRANDES,A14,24.288552
201906,CLIENTES GRANDES,A15,11.112255
201906,CLIENTES GRANDES,A16,3.53808
201906,CLIENTES GRANDES,A17,5.4659
201906,CLIENTES GRANDES,A18,17.091968
201906,CLIENTES GRANDES,A19,49.8417
201906,CLIENTES GRANDES,A20,127.680192
201906,CLIENTES GRANDES,A21,110.461104
201906,CLIENTES GRANDES,A22,10.3774
201906,CLIENTES GRANDES,A23,105.021072
201906,CLIENTES GRANDES,A24,12.803616
201906,CLIENTES PEQUEÑOS,A1,43.356
201906,CLIENTES PEQUEÑOS,A2,54.487575
201906,CLIENTES PEQUEÑOS,A3,26.4401
201906,CLIENTES PEQUEÑOS,A4,104.4918
201906,CLIENTES PEQUEÑOS,A5,25.822238
201906,CLIENTES PEQUEÑOS,A6,2.855112
201906,CLIENTES PEQUEÑOS,A7,2.51589
201906,CLIENTES PEQUEÑOS,A8,23.742362
201906,CLIENTES PEQUEÑOS,A9,166.767083
201906,CLIENTES PEQUEÑOS,A10,27.168582
201906,CLIENTES PEQUEÑOS,A11,3.821616
201906,CLIENTES PEQUEÑOS,A14,8.790577
201906,CLIENTES PEQUEÑOS,A15,6.080052
201906,CLIENTES PEQUEÑOS,A16,2.190832
201906,CLIENTES PEQUEÑOS,A17,6.2306
201906,CLIENTES PEQUEÑOS,A18,364.29106
201906,CLIENTES PEQUEÑOS,A19,49.523043
201906,CLIENTES PEQUEÑOS,A20,72.014321
201906,CLIENTES PEQUEÑOS,A21,102.47073
201906,CLIENTES PEQUEÑOS,A22,37.8397
201906,CLIENTES PEQUEÑOS,A23,116.03394
201906,CLIENTES PEQUEÑOS,A25,40.29912
201907,CLIENTES GRANDES,A1,8.1648
201907,CLIENTES GRANDES,A2,41.5692
201907,CLIENTES GRANDES,A3,3.7752
201907,CLIENTES GRANDES,A4,35.755776
201907,CLIENTES GRANDES,A5,19.249152
201907,CLIENTES GRANDES,A6,3.234816
201907,CLIENTES GRANDES,A7,3.404544
201907,CLIENTES GRANDES,A8,19.369056
201907,CLIENTES GRANDES,A9,12.2484
201907,CLIENTES GRANDES,A10,6.709248
201907,CLIENTES GRANDES,A11,11.83896
201907,CLIENTES GRANDES,A12,3.71952
201907,CLIENTES GRANDES,A13,6.61986
201907,CLIENTES GRANDES,A14,14.193576
201907,CLIENTES GRANDES,A15,10.307088
201907,CLIENTES GRANDES,A16,2.159136
201907,CLIENTES GRANDES,A17,6.1857
201907,CLIENTES GRANDES,A18,23.674048
201907,CLIENTES GRANDES,A19,49.012618
201907,CLIENTES GRANDES,A20,66.115152
201907,CLIENTES GRANDES,A21,95.751072
201907,CLIENTES GRANDES,A22,7.047
201907,CLIENTES GRANDES,A23,78.345792
201907,CLIENTES GRANDES,A24,9.731232
201907,CLIENTES GRANDES,A25,2.55096
201907,CLIENTES PEQUEÑOS,A1,31.54072
201907,CLIENTES PEQUEÑOS,A2,31.29849
201907,CLIENTES PEQUEÑOS,A3,24.1515
201907,CLIENTES PEQUEÑOS,A4,89.190936
201907,CLIENTES PEQUEÑOS,A5,19.343922
201907,CLIENTES PEQUEÑOS,A6,2.378376
201907,CLIENTES PEQUEÑOS,A7,1.395758
201907,CLIENTES PEQUEÑOS,A8,17.080886
201907,CLIENTES PEQUEÑOS,A9,96.524787
201907,CLIENTES PEQUEÑOS,A10,19.982172
201907,CLIENTES PEQUEÑOS,A11,6.741414
201907,CLIENTES PEQUEÑOS,A14,5.091349
201907,CLIENTES PEQUEÑOS,A15,3.953697
201907,CLIENTES PEQUEÑOS,A16,1.74314
201907,CLIENTES PEQUEÑOS,A17,7.55545
201907,CLIENTES PEQUEÑOS,A18,289.16999
201907,CLIENTES PEQUEÑOS,A19,65.321999
201907,CLIENTES PEQUEÑOS,A20,55.991619
201907,CLIENTES PEQUEÑOS,A21,105.469802
201907,CLIENTES PEQUEÑOS,A22,30.9456
201907,CLIENTES PEQUEÑOS,A23,84.946932
201907,CLIENTES PEQUEÑOS,A25,8.62704
201908,CLIENTES GRANDES,A1,18.808
201908,CLIENTES GRANDES,A2,37.128
201908,CLIENTES GRANDES,A3,3.488
201908,CLIENTES GRANDES,A4,37.555
201908,CLIENTES GRANDES,A5,21.165
201908,CLIENTES GRANDES,A6,6.584
201908,CLIENTES GRANDES,A7,3.216
201908,CLIENTES GRANDES,A8,41.086
201908,CLIENTES GRANDES,A9,13.308
201908,CLIENTES GRANDES,A10,9.648
201908,CLIENTES GRANDES,A11,6.96
201908,CLIENTES GRANDES,A12,6.319
201908,CLIENTES GRANDES,A13,9.421
201908,CLIENTES GRANDES,A14,19.97
201908,CLIENTES GRANDES,A15,8.259
201908,CLIENTES GRANDES,A16,2.122
201908,CLIENTES GRANDES,A17,6.816
201908,CLIENTES GRANDES,A18,14.192
201908,CLIENTES GRANDES,A19,40.806
201908,CLIENTES GRANDES,A20,90.816
201908,CLIENTES GRANDES,A21,91.347
201908,CLIENTES GRANDES,A22,7.963
201908,CLIENTES GRANDES,A23,112.903
201908,CLIENTES GRANDES,A24,13.124
201908,CLIENTES GRANDES,A26,1.645
201908,CLIENTES GRANDES,A25,5.141
201908,CLIENTES PEQUEÑOS,A1,41.14
201908,CLIENTES PEQUEÑOS,A2,47.538
201908,CLIENTES PEQUEÑOS,A3,26.225
201908,CLIENTES PEQUEÑOS,A4,76.264
201908,CLIENTES PEQUEÑOS,A5,22.374
201908,CLIENTES PEQUEÑOS,A6,3.191
201908,CLIENTES PEQUEÑOS,A7,1.289
201908,CLIENTES PEQUEÑOS,A8,23.394
201908,CLIENTES PEQUEÑOS,A9,118.513
201908,CLIENTES PEQUEÑOS,A10,25.359
201908,CLIENTES PEQUEÑOS,A11,3.559
201908,CLIENTES PEQUEÑOS,A14,2.996
201908,CLIENTES PEQUEÑOS,A15,3.521
201908,CLIENTES PEQUEÑOS,A16,2.018
201908,CLIENTES PEQUEÑOS,A17,4.718
201908,CLIENTES PEQUEÑOS,A18,487.378
201908,CLIENTES PEQUEÑOS,A19,45.105
201908,CLIENTES PEQUEÑOS,A20,60.981
201908,CLIENTES PEQUEÑOS,A21,109.453
201908,CLIENTES PEQUEÑOS,A22,36.839
201908,CLIENTES PEQUEÑOS,A23,100.573
201908,CLIENTES PEQUEÑOS,A25,19.842
201909,CLIENTES GRANDES,A1,23.34528
201909,CLIENTES GRANDES,A2,46.89576
201909,CLIENTES GRANDES,A3,4.2048
201909,CLIENTES GRANDES,A4,52.199424
201909,CLIENTES GRANDES,A5,21.695232
201909,CLIENTES GRANDES,A6,3.938688
201909,CLIENTES GRANDES,A7,5.531136
201909,CLIENTES GRANDES,A8,42.587664
201909,CLIENTES GRANDES,A9,18.16728
201909,CLIENTES GRANDES,A10,10.277568
201909,CLIENTES GRANDES,A11,17.76816
201909,CLIENTES GRANDES,A12,4.83084
201909,CLIENTES GRANDES,A13,8.86374
201909,CLIENTES GRANDES,A14,29.16216
201909,CLIENTES GRANDES,A15,9.972072
201909,CLIENTES GRANDES,A16,2.17728
201909,CLIENTES GRANDES,A17,6.6366
201909,CLIENTES GRANDES,A18,28.785344
201909,CLIENTES GRANDES,A19,59.313236
201909,CLIENTES GRANDES,A20,90.794448
201909,CLIENTES GRANDES,A21,107.538192
201909,CLIENTES GRANDES,A22,9.3447
201909,CLIENTES GRANDES,A23,100.529856
201909,CLIENTES GRANDES,A24,11.993184
201909,CLIENTES GRANDES,A26,2.677248
201909,CLIENTES GRANDES,A25,3.78432
201909,CLIENTES PEQUEÑOS,A1,40.90832
201909,CLIENTES PEQUEÑOS,A2,50.182425
201909,CLIENTES PEQUEÑOS,A3,30.9917
201909,CLIENTES PEQUEÑOS,A4,112.473792
201909,CLIENTES PEQUEÑOS,A5,24.362806
201909,CLIENTES PEQUEÑOS,A6,3.224
201909,CLIENTES PEQUEÑOS,A7,2.369406
201909,CLIENTES PEQUEÑOS,A8,24.796976
201909,CLIENTES PEQUEÑOS,A9,174.21874
201909,CLIENTES PEQUEÑOS,A10,28.072464
201909,CLIENTES PEQUEÑOS,A11,3.16098
201909,CLIENTES PEQUEÑOS,A14,5.727943
201909,CLIENTES PEQUEÑOS,A15,4.68699
201909,CLIENTES PEQUEÑOS,A16,2.045428
201909,CLIENTES PEQUEÑOS,A17,6.51845
201909,CLIENTES PEQUEÑOS,A18,401.792166
201909,CLIENTES PEQUEÑOS,A19,66.033464
201909,CLIENTES PEQUEÑOS,A20,80.21785
201909,CLIENTES PEQUEÑOS,A21,120.335928
201909,CLIENTES PEQUEÑOS,A22,39.5255
201909,CLIENTES PEQUEÑOS,A23,136.868544
201909,CLIENTES PEQUEÑOS,A25,13.12632
201910,CLIENTES GRANDES,A1,11.10048
201910,CLIENTES GRANDES,A2,28.18755
201910,CLIENTES GRANDES,A3,2.3736
201910,CLIENTES GRANDES,A4,49.405644
201910,CLIENTES GRANDES,A5,16.817866
201910,CLIENTES GRANDES,A6,2.89536
201910,CLIENTES GRANDES,A7,2.011776
201910,CLIENTES GRANDES,A8,30.513126
201910,CLIENTES GRANDES,A9,9.14028
201910,CLIENTES GRANDES,A10,8.182944
201910,CLIENTES GRANDES,A11,8.538048
201910,CLIENTES GRANDES,A12,3.995928
201910,CLIENTES GRANDES,A13,9.757451
201910,CLIENTES GRANDES,A14,16.146
201910,CLIENTES GRANDES,A15,8.068698
201910,CLIENTES GRANDES,A16,1.729728
201910,CLIENTES GRANDES,A17,4.83015
201910,CLIENTES GRANDES,A18,19.557568
201910,CLIENTES GRANDES,A19,41.253886
201910,CLIENTES GRANDES,A20,54.210476
201910,CLIENTES GRANDES,A21,44.328078
201910,CLIENTES GRANDES,A22,8.0541
201910,CLIENTES GRANDES,A23,77.009112
201910,CLIENTES GRANDES,A24,12.289356
201910,CLIENTES GRANDES,A26,1.63584
201910,CLIENTES GRANDES,A25,2.1168
201910,CLIENTES PEQUEÑOS,A1,19.87104
201910,CLIENTES PEQUEÑOS,A2,30.55311
201910,CLIENTES PEQUEÑOS,A3,16.9564
201910,CLIENTES PEQUEÑOS,A4,46.973952
201910,CLIENTES PEQUEÑOS,A5,15.48924
201910,CLIENTES PEQUEÑOS,A6,1.439724
201910,CLIENTES PEQUEÑOS,A7,1.19652
201910,CLIENTES PEQUEÑOS,A8,12.308124
201910,CLIENTES PEQUEÑOS,A9,162.798159
201910,CLIENTES PEQUEÑOS,A10,14.638932
201910,CLIENTES PEQUEÑOS,A11,0.222966
201910,CLIENTES PEQUEÑOS,A14,3.986889
201910,CLIENTES PEQUEÑOS,A15,2.080782
201910,CLIENTES PEQUEÑOS,A16,1.033956
201910,CLIENTES PEQUEÑOS,A17,2.7856
201910,CLIENTES PEQUEÑOS,A18,225.377548
201910,CLIENTES PEQUEÑOS,A19,48.53181
201910,CLIENTES PEQUEÑOS,A20,42.750762
201910,CLIENTES PEQUEÑOS,A21,62.974392
201910,CLIENTES PEQUEÑOS,A22,24.19835
201910,CLIENTES PEQUEÑOS,A23,77.323248
201910,CLIENTES PEQUEÑOS,A25,4.76904
201911,CLIENTES GRANDES,A1,23.97024
201911,CLIENTES GRANDES,A2,41.15448
201911,CLIENTES GRANDES,A3,2.8824
201911,CLIENTES GRANDES,A4,61.053696
201911,CLIENTES GRANDES,A5,20.786688
201911,CLIENTES GRANDES,A6,2.950272
201911,CLIENTES GRANDES,A7,3.624192
201911,CLIENTES GRANDES,A8,41.71944
201911,CLIENTES GRANDES,A9,24.58176
201911,CLIENTES GRANDES,A10,8.55792
201911,CLIENTES GRANDES,A11,6.368544
201911,CLIENTES GRANDES,A12,4.53276
201911,CLIENTES GRANDES,A13,7.10424
201911,CLIENTES GRANDES,A14,18.461088
201911,CLIENTES GRANDES,A15,9.059688
201911,CLIENTES GRANDES,A16,2.122848
201911,CLIENTES GRANDES,A17,5.3217
201911,CLIENTES GRANDES,A18,18.884352
201911,CLIENTES GRANDES,A19,38.311976
201911,CLIENTES GRANDES,A20,77.431824
201911,CLIENTES GRANDES,A21,79.57224
201911,CLIENTES GRANDES,A22,8.4159
201911,CLIENTES GRANDES,A23,101.267712
201911,CLIENTES GRANDES,A24,12.79152
201911,CLIENTES GRANDES,A26,2.087424
201911,CLIENTES GRANDES,A25,2.2788
201911,CLIENTES PEQUEÑOS,A1,23.66464
201911,CLIENTES PEQUEÑOS,A2,44.610345
201911,CLIENTES PEQUEÑOS,A3,24.3207
201911,CLIENTES PEQUEÑOS,A4,62.127972
201911,CLIENTES PEQUEÑOS,A5,23.843144
201911,CLIENTES PEQUEÑOS,A6,2.65148
201911,CLIENTES PEQUEÑOS,A7,0.998374
201911,CLIENTES PEQUEÑOS,A8,20.233936
201911,CLIENTES PEQUEÑOS,A9,164.330045
201911,CLIENTES PEQUEÑOS,A10,22.989204
201911,CLIENTES PEQUEÑOS,A11,3.034242
201911,CLIENTES PEQUEÑOS,A14,5.001166
201911,CLIENTES PEQUEÑOS,A15,4.389891
201911,CLIENTES PEQUEÑOS,A16,1.47364
201911,CLIENTES PEQUEÑOS,A17,5.1976
201911,CLIENTES PEQUEÑOS,A18,398.382067
201911,CLIENTES PEQUEÑOS,A19,55.879047
201911,CLIENTES PEQUEÑOS,A20,78.540344
201911,CLIENTES PEQUEÑOS,A21,122.613588
201911,CLIENTES PEQUEÑOS,A22,33.40145
201911,CLIENTES PEQUEÑOS,A23,97.733196
201911,CLIENTES PEQUEÑOS,A25,7.73496
201912,CLIENTES GRANDES,A1,19.67616
201912,CLIENTES GRANDES,A2,42.45552
201912,CLIENTES GRANDES,A3,2.9088
201912,CLIENTES GRANDES,A4,57.950208
201912,CLIENTES GRANDES,A5,16.463616
201912,CLIENTES GRANDES,A6,3.26976
201912,CLIENTES GRANDES,A7,2.865408
201912,CLIENTES GRANDES,A8,35.124768
201912,CLIENTES GRANDES,A9,19.83816
201912,CLIENTES GRANDES,A10,9.13248
201912,CLIENTES GRANDES,A11,7.612704
201912,CLIENTES GRANDES,A12,4.627188
201912,CLIENTES GRANDES,A13,9.965946
201912,CLIENTES GRANDES,A14,17.825184
201912,CLIENTES GRANDES,A15,7.4844
201912,CLIENTES GRANDES,A16,2.104704
201912,CLIENTES GRANDES,A17,6.0669
201912,CLIENTES GRANDES,A18,19.909184
201912,CLIENTES GRANDES,A19,38.918464
201912,CLIENTES GRANDES,A20,83.377428
201912,CLIENTES GRANDES,A21,73.799856
201912,CLIENTES GRANDES,A22,8.6238
201912,CLIENTES GRANDES,A23,93.078648
201912,CLIENTES GRANDES,A24,8.908704
201912,CLIENTES GRANDES,A26,1.40544
201912,CLIENTES GRANDES,A25,3.03048
201912,CLIENTES PEQUEÑOS,A1,22.68692
201912,CLIENTES PEQUEÑOS,A2,37.45035
201912,CLIENTES PEQUEÑOS,A3,19.1503
201912,CLIENTES PEQUEÑOS,A4,68.120136
201912,CLIENTES PEQUEÑOS,A5,21.33378
201912,CLIENTES PEQUEÑOS,A6,1.94272
201912,CLIENTES PEQUEÑOS,A7,1.041612
201912,CLIENTES PEQUEÑOS,A8,15.988956
201912,CLIENTES PEQUEÑOS,A9,153.330675
201912,CLIENTES PEQUEÑOS,A10,21.281106
201912,CLIENTES PEQUEÑOS,A11,2.134026
201912,CLIENTES PEQUEÑOS,A14,4.361973
201912,CLIENTES PEQUEÑOS,A15,2.562648
201912,CLIENTES PEQUEÑOS,A16,1.748656
201912,CLIENTES PEQUEÑOS,A17,3.3472
201912,CLIENTES PEQUEÑOS,A18,319.947177
201912,CLIENTES PEQUEÑOS,A19,53.194097
201912,CLIENTES PEQUEÑOS,A20,46.810365
201912,CLIENTES PEQUEÑOS,A21,88.797086
201912,CLIENTES PEQUEÑOS,A22,32.67485
201912,CLIENTES PEQUEÑOS,A23,114.75108
201912,CLIENTES PEQUEÑOS,A25,4.57272
