MES/AÑO,TIPO CLIENTES,PRODUCTO,% TIENDAS IMPACTADAS
201801,CLIENTES GRANDES,A1,93
201801,CLIENTES GRANDES,A2,100
201801,CLIENTES GRANDES,A3,84
201801,CLIENTES GRANDES,A4,99
201801,CLIENTES GRANDES,A5,94
201801,CLIENTES GRANDES,A6,85
201801,CLIENTES GRANDES,A7,88
201801,CLIENTES GRANDES,A8,96
201801,CLIENTES GRANDES,A9,93
201801,CLIENTES GRANDES,A10,96
201801,CLIENTES GRANDES,A11,95
201801,CLIENTES GRANDES,A12,97
201801,CLIENTES GRANDES,A13,97
201801,CLIENTES GRANDES,A14,94
201801,CLIENTES GRANDES,A15,95
201801,CLIENTES GRANDES,A16,88
201801,CLIENTES GRANDES,A17,72
201801,CLIENTES GRANDES,A18,96
201801,CLIENTES GRANDES,A19,100
201801,CLIENTES GRANDES,A20,100
201801,CLIENTES GRANDES,A21,96
201801,CLIENTES GRANDES,A22,85
201801,CLIENTES GRANDES,A23,100
201801,CLIENTES GRANDES,A24,92
201801,CLIENTES PEQUEÑOS,A1,49
201801,CLIENTES PEQUEÑOS,A2,25
201801,CLIENTES PEQUEÑOS,A3,25
201801,CLIENTES PEQUEÑOS,A4,71
201801,CLIENTES PEQUEÑOS,A5,37
201801,CLIENTES PEQUEÑOS,A6,7
201801,CLIENTES PEQUEÑOS,A7,3
201801,CLIENTES PEQUEÑOS,A8,22
201801,CLIENTES PEQUEÑOS,A9,30
201801,CLIENTES PEQUEÑOS,A10,29
201801,CLIENTES PEQUEÑOS,A11,34
201801,CLIENTES PEQUEÑOS,A14,40
201801,CLIENTES PEQUEÑOS,A15,6
201801,CLIENTES PEQUEÑOS,A16,4
201801,CLIENTES PEQUEÑOS,A17,9
201801,CLIENTES PEQUEÑOS,A18,79
201801,CLIENTES PEQUEÑOS,A19,66
201801,CLIENTES PEQUEÑOS,A20,61
201801,CLIENTES PEQUEÑOS,A21,66
201801,CLIENTES PEQUEÑOS,A22,44
201801,CLIENTES PEQUEÑOS,A23,71
201802,CLIENTES GRANDES,A1,93
201802,CLIENTES GRANDES,A2,100
201802,CLIENTES GRANDES,A3,84
201802,CLIENTES GRANDES,A4,100
201802,CLIENTES GRANDES,A5,94
201802,CLIENTES GRANDES,A6,84
201802,CLIENTES GRANDES,A7,87
201802,CLIENTES GRANDES,A8,96
201802,CLIENTES GRANDES,A9,93
201802,CLIENTES GRANDES,A10,95
201802,CLIENTES GRANDES,A11,94
201802,CLIENTES GRANDES,A12,96
201802,CLIENTES GRANDES,A13,96
201802,CLIENTES GRANDES,A14,93
201802,CLIENTES GRANDES,A15,94
201802,CLIENTES GRANDES,A16,87
201802,CLIENTES GRANDES,A17,73
201802,CLIENTES GRANDES,A18,96
201802,CLIENTES GRANDES,A19,100
201802,CLIENTES GRANDES,A20,100
201802,CLIENTES GRANDES,A21,96
201802,CLIENTES GRANDES,A22,85
201802,CLIENTES GRANDES,A23,100
201802,CLIENTES GRANDES,A24,91
201802,CLIENTES PEQUEÑOS,A1,48
201802,CLIENTES PEQUEÑOS,A2,26
201802,CLIENTES PEQUEÑOS,A3,25
201802,CLIENTES PEQUEÑOS,A4,71
201802,CLIENTES PEQUEÑOS,A5,35
201802,CLIENTES PEQUEÑOS,A6,7
201802,CLIENTES PEQUEÑOS,A7,3
201802,CLIENTES PEQUEÑOS,A8,21
201802,CLIENTES PEQUEÑOS,A9,32
201802,CLIENTES PEQUEÑOS,A10,29
201802,CLIENTES PEQUEÑOS,A11,34
201802,CLIENTES PEQUEÑOS,A14,39
201802,CLIENTES PEQUEÑOS,A15,5
201802,CLIENTES PEQUEÑOS,A16,5
201802,CLIENTES PEQUEÑOS,A17,8
201802,CLIENTES PEQUEÑOS,A18,79
201802,CLIENTES PEQUEÑOS,A19,67
201802,CLIENTES PEQUEÑOS,A20,61
201802,CLIENTES PEQUEÑOS,A21,64
201802,CLIENTES PEQUEÑOS,A22,40
201802,CLIENTES PEQUEÑOS,A23,73
201803,CLIENTES GRANDES,A1,91
201803,CLIENTES GRANDES,A2,100
201803,CLIENTES GRANDES,A3,87
201803,CLIENTES GRANDES,A4,100
201803,CLIENTES GRANDES,A5,95
201803,CLIENTES GRANDES,A6,87
201803,CLIENTES GRANDES,A7,89
201803,CLIENTES GRANDES,A8,97
201803,CLIENTES GRANDES,A9,94
201803,CLIENTES GRANDES,A10,96
201803,CLIENTES GRANDES,A11,95
201803,CLIENTES GRANDES,A12,96
201803,CLIENTES GRANDES,A13,96
201803,CLIENTES GRANDES,A14,99
201803,CLIENTES GRANDES,A15,95
201803,CLIENTES GRANDES,A16,89
201803,CLIENTES GRANDES,A17,75
201803,CLIENTES GRANDES,A18,95
201803,CLIENTES GRANDES,A19,100
201803,CLIENTES GRANDES,A20,100
201803,CLIENTES GRANDES,A21,96
201803,CLIENTES GRANDES,A22,85
201803,CLIENTES GRANDES,A23,100
201803,CLIENTES GRANDES,A24,93
201803,CLIENTES PEQUEÑOS,A1,49
201803,CLIENTES PEQUEÑOS,A2,27
201803,CLIENTES PEQUEÑOS,A3,24
201803,CLIENTES PEQUEÑOS,A4,72
201803,CLIENTES PEQUEÑOS,A5,34
201803,CLIENTES PEQUEÑOS,A6,7
201803,CLIENTES PEQUEÑOS,A7,4
201803,CLIENTES PEQUEÑOS,A8,25
201803,CLIENTES PEQUEÑOS,A9,31
201803,CLIENTES PEQUEÑOS,A10,29
201803,CLIENTES PEQUEÑOS,A11,34
201803,CLIENTES PEQUEÑOS,A14,41
201803,CLIENTES PEQUEÑOS,A15,6
201803,CLIENTES PEQUEÑOS,A16,5
201803,CLIENTES PEQUEÑOS,A17,10
201803,CLIENTES PEQUEÑOS,A18,80
201803,CLIENTES PEQUEÑOS,A19,68
201803,CLIENTES PEQUEÑOS,A20,61
201803,CLIENTES PEQUEÑOS,A21,65
201803,CLIENTES PEQUEÑOS,A22,40
201803,CLIENTES PEQUEÑOS,A23,73
201804,CLIENTES GRANDES,A1,93
201804,CLIENTES GRANDES,A2,100
201804,CLIENTES GRANDES,A3,88
201804,CLIENTES GRANDES,A4,100
201804,CLIENTES GRANDES,A5,95
201804,CLIENTES GRANDES,A6,89
201804,CLIENTES GRANDES,A7,90
201804,CLIENTES GRANDES,A8,99
201804,CLIENTES GRANDES,A9,92
201804,CLIENTES GRANDES,A10,94
201804,CLIENTES GRANDES,A11,95
201804,CLIENTES GRANDES,A12,96
201804,CLIENTES GRANDES,A13,96
201804,CLIENTES GRANDES,A14,97
201804,CLIENTES GRANDES,A15,94
201804,CLIENTES GRANDES,A16,89
201804,CLIENTES GRANDES,A17,75
201804,CLIENTES GRANDES,A18,95
201804,CLIENTES GRANDES,A19,100
201804,CLIENTES GRANDES,A20,100
201804,CLIENTES GRANDES,A21,96
201804,CLIENTES GRANDES,A22,86
201804,CLIENTES GRANDES,A23,100
201804,CLIENTES GRANDES,A24,93
201804,CLIENTES PEQUEÑOS,A1,49
201804,CLIENTES PEQUEÑOS,A2,27
201804,CLIENTES PEQUEÑOS,A3,25
201804,CLIENTES PEQUEÑOS,A4,72
201804,CLIENTES PEQUEÑOS,A5,35
201804,CLIENTES PEQUEÑOS,A6,7
201804,CLIENTES PEQUEÑOS,A7,4
201804,CLIENTES PEQUEÑOS,A8,25
201804,CLIENTES PEQUEÑOS,A9,30
201804,CLIENTES PEQUEÑOS,A10,29
201804,CLIENTES PEQUEÑOS,A11,36
201804,CLIENTES PEQUEÑOS,A14,42
201804,CLIENTES PEQUEÑOS,A15,6
201804,CLIENTES PEQUEÑOS,A16,5
201804,CLIENTES PEQUEÑOS,A17,11
201804,CLIENTES PEQUEÑOS,A18,81
201804,CLIENTES PEQUEÑOS,A19,69
201804,CLIENTES PEQUEÑOS,A20,61
201804,CLIENTES PEQUEÑOS,A21,66
201804,CLIENTES PEQUEÑOS,A22,40
201804,CLIENTES PEQUEÑOS,A23,72
201805,CLIENTES GRANDES,A1,94
201805,CLIENTES GRANDES,A2,100
201805,CLIENTES GRANDES,A3,86
201805,CLIENTES GRANDES,A4,100
201805,CLIENTES GRANDES,A5,95
201805,CLIENTES GRANDES,A6,88
201805,CLIENTES GRANDES,A7,90
201805,CLIENTES GRANDES,A8,99
201805,CLIENTES GRANDES,A9,92
201805,CLIENTES GRANDES,A10,93
201805,CLIENTES GRANDES,A11,95
201805,CLIENTES GRANDES,A12,95
201805,CLIENTES GRANDES,A13,95
201805,CLIENTES GRANDES,A14,99
201805,CLIENTES GRANDES,A15,93
201805,CLIENTES GRANDES,A16,88
201805,CLIENTES GRANDES,A17,74
201805,CLIENTES GRANDES,A18,94
201805,CLIENTES GRANDES,A19,100
201805,CLIENTES GRANDES,A20,100
201805,CLIENTES GRANDES,A21,95
201805,CLIENTES GRANDES,A22,86
201805,CLIENTES GRANDES,A23,100
201805,CLIENTES GRANDES,A24,93
201805,CLIENTES PEQUEÑOS,A1,49
201805,CLIENTES PEQUEÑOS,A2,28
201805,CLIENTES PEQUEÑOS,A3,25
201805,CLIENTES PEQUEÑOS,A4,71
201805,CLIENTES PEQUEÑOS,A5,35
201805,CLIENTES PEQUEÑOS,A6,5
201805,CLIENTES PEQUEÑOS,A7,4
201805,CLIENTES PEQUEÑOS,A8,24
201805,CLIENTES PEQUEÑOS,A9,29
201805,CLIENTES PEQUEÑOS,A10,29
201805,CLIENTES PEQUEÑOS,A11,37
201805,CLIENTES PEQUEÑOS,A14,43
201805,CLIENTES PEQUEÑOS,A15,6
201805,CLIENTES PEQUEÑOS,A16,5
201805,CLIENTES PEQUEÑOS,A17,11
201805,CLIENTES PEQUEÑOS,A18,81
201805,CLIENTES PEQUEÑOS,A19,69
201805,CLIENTES PEQUEÑOS,A20,62
201805,CLIENTES PEQUEÑOS,A21,67
201805,CLIENTES PEQUEÑOS,A22,41
201805,CLIENTES PEQUEÑOS,A23,72
201806,CLIENTES GRANDES,A1,94
201806,CLIENTES GRANDES,A2,100
201806,CLIENTES GRANDES,A3,86
201806,CLIENTES GRANDES,A4,100
201806,CLIENTES GRANDES,A5,94
201806,CLIENTES GRANDES,A6,87
201806,CLIENTES GRANDES,A7,88
201806,CLIENTES GRANDES,A8,99
201806,CLIENTES GRANDES,A9,91
201806,CLIENTES GRANDES,A10,91
201806,CLIENTES GRANDES,A11,94
201806,CLIENTES GRANDES,A12,95
201806,CLIENTES GRANDES,A13,95
201806,CLIENTES GRANDES,A14,99
201806,CLIENTES GRANDES,A15,93
201806,CLIENTES GRANDES,A16,87
201806,CLIENTES GRANDES,A17,74
201806,CLIENTES GRANDES,A18,94
201806,CLIENTES GRANDES,A19,100
201806,CLIENTES GRANDES,A20,100
201806,CLIENTES GRANDES,A21,95
201806,CLIENTES GRANDES,A22,87
201806,CLIENTES GRANDES,A23,100
201806,CLIENTES GRANDES,A24,93
201806,CLIENTES PEQUEÑOS,A1,48
201806,CLIENTES PEQUEÑOS,A2,29
201806,CLIENTES PEQUEÑOS,A3,22
201806,CLIENTES PEQUEÑOS,A4,71
201806,CLIENTES PEQUEÑOS,A5,34
201806,CLIENTES PEQUEÑOS,A6,6
201806,CLIENTES PEQUEÑOS,A7,3
201806,CLIENTES PEQUEÑOS,A8,26
201806,CLIENTES PEQUEÑOS,A9,29
201806,CLIENTES PEQUEÑOS,A10,30
201806,CLIENTES PEQUEÑOS,A11,38
201806,CLIENTES PEQUEÑOS,A14,42
201806,CLIENTES PEQUEÑOS,A15,7
201806,CLIENTES PEQUEÑOS,A16,4
201806,CLIENTES PEQUEÑOS,A17,11
201806,CLIENTES PEQUEÑOS,A18,80
201806,CLIENTES PEQUEÑOS,A19,68
201806,CLIENTES PEQUEÑOS,A20,62
201806,CLIENTES PEQUEÑOS,A21,66
201806,CLIENTES PEQUEÑOS,A22,39
201806,CLIENTES PEQUEÑOS,A23,70
201807,CLIENTES GRANDES,A1,94
201807,CLIENTES GRANDES,A2,100
201807,CLIENTES GRANDES,A3,87
201807,CLIENTES GRANDES,A4,100
201807,CLIENTES GRANDES,A5,94
201807,CLIENTES GRANDES,A6,87
201807,CLIENTES GRANDES,A7,89
201807,CLIENTES GRANDES,A8,99
201807,CLIENTES GRANDES,A9,91
201807,CLIENTES GRANDES,A10,92
201807,CLIENTES GRANDES,A11,94
201807,CLIENTES GRANDES,A12,95
201807,CLIENTES GRANDES,A13,95
201807,CLIENTES GRANDES,A14,99
201807,CLIENTES GRANDES,A15,93
201807,CLIENTES GRANDES,A16,87
201807,CLIENTES GRANDES,A17,68
201807,CLIENTES GRANDES,A18,94
201807,CLIENTES GRANDES,A19,100
201807,CLIENTES GRANDES,A20,100
201807,CLIENTES GRANDES,A21,95
201807,CLIENTES GRANDES,A22,87
201807,CLIENTES GRANDES,A23,100
201807,CLIENTES GRANDES,A24,93
201807,CLIENTES PEQUEÑOS,A1,48
201807,CLIENTES PEQUEÑOS,A2,27
201807,CLIENTES PEQUEÑOS,A3,23
201807,CLIENTES PEQUEÑOS,A4,71
201807,CLIENTES PEQUEÑOS,A5,32
201807,CLIENTES PEQUEÑOS,A6,5
201807,CLIENTES PEQUEÑOS,A7,5
201807,CLIENTES PEQUEÑOS,A8,24
201807,CLIENTES PEQUEÑOS,A9,30
201807,CLIENTES PEQUEÑOS,A10,30
201807,CLIENTES PEQUEÑOS,A11,38
201807,CLIENTES PEQUEÑOS,A14,41
201807,CLIENTES PEQUEÑOS,A15,7
201807,CLIENTES PEQUEÑOS,A16,4
201807,CLIENTES PEQUEÑOS,A17,12
201807,CLIENTES PEQUEÑOS,A18,81
201807,CLIENTES PEQUEÑOS,A19,69
201807,CLIENTES PEQUEÑOS,A20,63
201807,CLIENTES PEQUEÑOS,A21,67
201807,CLIENTES PEQUEÑOS,A22,39
201807,CLIENTES PEQUEÑOS,A23,70
201808,CLIENTES GRANDES,A1,94
201808,CLIENTES GRANDES,A2,100
201808,CLIENTES GRANDES,A3,87
201808,CLIENTES GRANDES,A4,100
201808,CLIENTES GRANDES,A5,94
201808,CLIENTES GRANDES,A6,87
201808,CLIENTES GRANDES,A7,89
201808,CLIENTES GRANDES,A8,99
201808,CLIENTES GRANDES,A9,91
201808,CLIENTES GRANDES,A10,93
201808,CLIENTES GRANDES,A11,93
201808,CLIENTES GRANDES,A12,95
201808,CLIENTES GRANDES,A13,94
201808,CLIENTES GRANDES,A14,99
201808,CLIENTES GRANDES,A15,93
201808,CLIENTES GRANDES,A16,87
201808,CLIENTES GRANDES,A17,79
201808,CLIENTES GRANDES,A18,94
201808,CLIENTES GRANDES,A19,100
201808,CLIENTES GRANDES,A20,100
201808,CLIENTES GRANDES,A21,95
201808,CLIENTES GRANDES,A22,89
201808,CLIENTES GRANDES,A23,100
201808,CLIENTES GRANDES,A24,91
201808,CLIENTES PEQUEÑOS,A1,47
201808,CLIENTES PEQUEÑOS,A2,26
201808,CLIENTES PEQUEÑOS,A3,21
201808,CLIENTES PEQUEÑOS,A4,70
201808,CLIENTES PEQUEÑOS,A5,32
201808,CLIENTES PEQUEÑOS,A6,4
201808,CLIENTES PEQUEÑOS,A7,5
201808,CLIENTES PEQUEÑOS,A8,23
201808,CLIENTES PEQUEÑOS,A9,29
201808,CLIENTES PEQUEÑOS,A10,29
201808,CLIENTES PEQUEÑOS,A11,37
201808,CLIENTES PEQUEÑOS,A14,42
201808,CLIENTES PEQUEÑOS,A15,6
201808,CLIENTES PEQUEÑOS,A16,4
201808,CLIENTES PEQUEÑOS,A17,10
201808,CLIENTES PEQUEÑOS,A18,81
201808,CLIENTES PEQUEÑOS,A19,66
201808,CLIENTES PEQUEÑOS,A20,61
201808,CLIENTES PEQUEÑOS,A21,66
201808,CLIENTES PEQUEÑOS,A22,39
201808,CLIENTES PEQUEÑOS,A23,71
201809,CLIENTES GRANDES,A1,94
201809,CLIENTES GRANDES,A2,100
201809,CLIENTES GRANDES,A3,88
201809,CLIENTES GRANDES,A4,100
201809,CLIENTES GRANDES,A5,94
201809,CLIENTES GRANDES,A6,86
201809,CLIENTES GRANDES,A7,88
201809,CLIENTES GRANDES,A8,99
201809,CLIENTES GRANDES,A9,90
201809,CLIENTES GRANDES,A10,93
201809,CLIENTES GRANDES,A11,93
201809,CLIENTES GRANDES,A12,94
201809,CLIENTES GRANDES,A13,94
201809,CLIENTES GRANDES,A14,97
201809,CLIENTES GRANDES,A15,92
201809,CLIENTES GRANDES,A16,86
201809,CLIENTES GRANDES,A17,79
201809,CLIENTES GRANDES,A18,94
201809,CLIENTES GRANDES,A19,100
201809,CLIENTES GRANDES,A20,100
201809,CLIENTES GRANDES,A21,94
201809,CLIENTES GRANDES,A22,90
201809,CLIENTES GRANDES,A23,100
201809,CLIENTES GRANDES,A24,92
201809,CLIENTES PEQUEÑOS,A1,47
201809,CLIENTES PEQUEÑOS,A2,27
201809,CLIENTES PEQUEÑOS,A3,23
201809,CLIENTES PEQUEÑOS,A4,69
201809,CLIENTES PEQUEÑOS,A5,33
201809,CLIENTES PEQUEÑOS,A6,4
201809,CLIENTES PEQUEÑOS,A7,4
201809,CLIENTES PEQUEÑOS,A8,22
201809,CLIENTES PEQUEÑOS,A9,30
201809,CLIENTES PEQUEÑOS,A10,30
201809,CLIENTES PEQUEÑOS,A11,35
201809,CLIENTES PEQUEÑOS,A14,40
201809,CLIENTES PEQUEÑOS,A15,7
201809,CLIENTES PEQUEÑOS,A16,4
201809,CLIENTES PEQUEÑOS,A17,9
201809,CLIENTES PEQUEÑOS,A18,81
201809,CLIENTES PEQUEÑOS,A19,69
201809,CLIENTES PEQUEÑOS,A20,62
201809,CLIENTES PEQUEÑOS,A21,66
201809,CLIENTES PEQUEÑOS,A22,38
201809,CLIENTES PEQUEÑOS,A23,72
201810,CLIENTES GRANDES,A1,94
201810,CLIENTES GRANDES,A2,100
201810,CLIENTES GRANDES,A3,84
201810,CLIENTES GRANDES,A4,100
201810,CLIENTES GRANDES,A5,94
201810,CLIENTES GRANDES,A6,84
201810,CLIENTES GRANDES,A7,86
201810,CLIENTES GRANDES,A8,100
201810,CLIENTES GRANDES,A9,89
201810,CLIENTES GRANDES,A10,94
201810,CLIENTES GRANDES,A11,92
201810,CLIENTES GRANDES,A12,94
201810,CLIENTES GRANDES,A13,94
201810,CLIENTES GRANDES,A14,90
201810,CLIENTES GRANDES,A15,91
201810,CLIENTES GRANDES,A16,84
201810,CLIENTES GRANDES,A17,74
201810,CLIENTES GRANDES,A18,94
201810,CLIENTES GRANDES,A19,100
201810,CLIENTES GRANDES,A20,100
201810,CLIENTES GRANDES,A21,94
201810,CLIENTES GRANDES,A22,90
201810,CLIENTES GRANDES,A23,100
201810,CLIENTES GRANDES,A24,90
201810,CLIENTES PEQUEÑOS,A1,45
201810,CLIENTES PEQUEÑOS,A2,28
201810,CLIENTES PEQUEÑOS,A3,24
201810,CLIENTES PEQUEÑOS,A4,68
201810,CLIENTES PEQUEÑOS,A5,31
201810,CLIENTES PEQUEÑOS,A6,3
201810,CLIENTES PEQUEÑOS,A7,5
201810,CLIENTES PEQUEÑOS,A8,23
201810,CLIENTES PEQUEÑOS,A9,31
201810,CLIENTES PEQUEÑOS,A10,32
201810,CLIENTES PEQUEÑOS,A11,33
201810,CLIENTES PEQUEÑOS,A14,40
201810,CLIENTES PEQUEÑOS,A15,6
201810,CLIENTES PEQUEÑOS,A16,4
201810,CLIENTES PEQUEÑOS,A17,11
201810,CLIENTES PEQUEÑOS,A18,81
201810,CLIENTES PEQUEÑOS,A19,69
201810,CLIENTES PEQUEÑOS,A20,61
201810,CLIENTES PEQUEÑOS,A21,67
201810,CLIENTES PEQUEÑOS,A22,39
201810,CLIENTES PEQUEÑOS,A23,73
201811,CLIENTES GRANDES,A1,93
201811,CLIENTES GRANDES,A2,100
201811,CLIENTES GRANDES,A3,83
201811,CLIENTES GRANDES,A4,100
201811,CLIENTES GRANDES,A5,93
201811,CLIENTES GRANDES,A6,82
201811,CLIENTES GRANDES,A7,82
201811,CLIENTES GRANDES,A8,99
201811,CLIENTES GRANDES,A9,79
201811,CLIENTES GRANDES,A10,94
201811,CLIENTES GRANDES,A11,89
201811,CLIENTES GRANDES,A12,93
201811,CLIENTES GRANDES,A13,93
201811,CLIENTES GRANDES,A14,90
201811,CLIENTES GRANDES,A15,89
201811,CLIENTES GRANDES,A16,81
201811,CLIENTES GRANDES,A17,73
201811,CLIENTES GRANDES,A18,92
201811,CLIENTES GRANDES,A19,100
201811,CLIENTES GRANDES,A20,100
201811,CLIENTES GRANDES,A21,93
201811,CLIENTES GRANDES,A22,91
201811,CLIENTES GRANDES,A23,100
201811,CLIENTES GRANDES,A24,88
201811,CLIENTES PEQUEÑOS,A1,45
201811,CLIENTES PEQUEÑOS,A2,30
201811,CLIENTES PEQUEÑOS,A3,23
201811,CLIENTES PEQUEÑOS,A4,68
201811,CLIENTES PEQUEÑOS,A5,32
201811,CLIENTES PEQUEÑOS,A6,3
201811,CLIENTES PEQUEÑOS,A7,3
201811,CLIENTES PEQUEÑOS,A8,22
201811,CLIENTES PEQUEÑOS,A9,30
201811,CLIENTES PEQUEÑOS,A10,30
201811,CLIENTES PEQUEÑOS,A11,35
201811,CLIENTES PEQUEÑOS,A14,40
201811,CLIENTES PEQUEÑOS,A15,6
201811,CLIENTES PEQUEÑOS,A16,4
201811,CLIENTES PEQUEÑOS,A17,12
201811,CLIENTES PEQUEÑOS,A18,79
201811,CLIENTES PEQUEÑOS,A19,67
201811,CLIENTES PEQUEÑOS,A20,61
201811,CLIENTES PEQUEÑOS,A21,66
201811,CLIENTES PEQUEÑOS,A22,40
201811,CLIENTES PEQUEÑOS,A23,73
201812,CLIENTES GRANDES,A1,94
201812,CLIENTES GRANDES,A2,100
201812,CLIENTES GRANDES,A3,87
201812,CLIENTES GRANDES,A4,100
201812,CLIENTES GRANDES,A5,94
201812,CLIENTES GRANDES,A6,85
201812,CLIENTES GRANDES,A7,81
201812,CLIENTES GRANDES,A8,96
201812,CLIENTES GRANDES,A9,74
201812,CLIENTES GRANDES,A10,94
201812,CLIENTES GRANDES,A11,90
201812,CLIENTES GRANDES,A12,94
201812,CLIENTES GRANDES,A13,93
201812,CLIENTES GRANDES,A14,87
201812,CLIENTES GRANDES,A15,90
201812,CLIENTES GRANDES,A16,83
201812,CLIENTES GRANDES,A17,76
201812,CLIENTES GRANDES,A18,93
201812,CLIENTES GRANDES,A19,100
201812,CLIENTES GRANDES,A20,100
201812,CLIENTES GRANDES,A21,94
201812,CLIENTES GRANDES,A22,92
201812,CLIENTES GRANDES,A23,100
201812,CLIENTES GRANDES,A24,89
201812,CLIENTES PEQUEÑOS,A1,44
201812,CLIENTES PEQUEÑOS,A2,30
201812,CLIENTES PEQUEÑOS,A3,23
201812,CLIENTES PEQUEÑOS,A4,69
201812,CLIENTES PEQUEÑOS,A5,29
201812,CLIENTES PEQUEÑOS,A6,3
201812,CLIENTES PEQUEÑOS,A7,2
201812,CLIENTES PEQUEÑOS,A8,23
201812,CLIENTES PEQUEÑOS,A9,31
201812,CLIENTES PEQUEÑOS,A10,29
201812,CLIENTES PEQUEÑOS,A11,34
201812,CLIENTES PEQUEÑOS,A14,38
201812,CLIENTES PEQUEÑOS,A15,7
201812,CLIENTES PEQUEÑOS,A16,4
201812,CLIENTES PEQUEÑOS,A17,12
201812,CLIENTES PEQUEÑOS,A18,79
201812,CLIENTES PEQUEÑOS,A19,67
201812,CLIENTES PEQUEÑOS,A20,60
201812,CLIENTES PEQUEÑOS,A21,65
201812,CLIENTES PEQUEÑOS,A22,38
201812,CLIENTES PEQUEÑOS,A23,73
201901,CLIENTES GRANDES,A1,93
201901,CLIENTES GRANDES,A2,100
201901,CLIENTES GRANDES,A3,86
201901,CLIENTES GRANDES,A4,100
201901,CLIENTES GRANDES,A5,93
201901,CLIENTES GRANDES,A6,85
201901,CLIENTES GRANDES,A7,78
201901,CLIENTES GRANDES,A8,94
201901,CLIENTES GRANDES,A9,73
201901,CLIENTES GRANDES,A10,92
201901,CLIENTES GRANDES,A11,89
201901,CLIENTES GRANDES,A12,93
201901,CLIENTES GRANDES,A13,93
201901,CLIENTES GRANDES,A14,86
201901,CLIENTES GRANDES,A15,90
201901,CLIENTES GRANDES,A16,82
201901,CLIENTES GRANDES,A17,69
201901,CLIENTES GRANDES,A18,91
201901,CLIENTES GRANDES,A19,100
201901,CLIENTES GRANDES,A20,100
201901,CLIENTES GRANDES,A21,93
201901,CLIENTES GRANDES,A22,91
201901,CLIENTES GRANDES,A23,100
201901,CLIENTES GRANDES,A24,88
201901,CLIENTES PEQUEÑOS,A1,43
201901,CLIENTES PEQUEÑOS,A2,28
201901,CLIENTES PEQUEÑOS,A3,23
201901,CLIENTES PEQUEÑOS,A4,68
201901,CLIENTES PEQUEÑOS,A5,30
201901,CLIENTES PEQUEÑOS,A6,4
201901,CLIENTES PEQUEÑOS,A7,3
201901,CLIENTES PEQUEÑOS,A8,24
201901,CLIENTES PEQUEÑOS,A9,29
201901,CLIENTES PEQUEÑOS,A10,28
201901,CLIENTES PEQUEÑOS,A11,33
201901,CLIENTES PEQUEÑOS,A14,37
201901,CLIENTES PEQUEÑOS,A15,6
201901,CLIENTES PEQUEÑOS,A16,4
201901,CLIENTES PEQUEÑOS,A17,11
201901,CLIENTES PEQUEÑOS,A18,80
201901,CLIENTES PEQUEÑOS,A19,65
201901,CLIENTES PEQUEÑOS,A20,59
201901,CLIENTES PEQUEÑOS,A21,65
201901,CLIENTES PEQUEÑOS,A22,34
201901,CLIENTES PEQUEÑOS,A23,73
201902,CLIENTES GRANDES,A1,93
201902,CLIENTES GRANDES,A2,100
201902,CLIENTES GRANDES,A3,85
201902,CLIENTES GRANDES,A4,100
201902,CLIENTES GRANDES,A5,93
201902,CLIENTES GRANDES,A6,85
201902,CLIENTES GRANDES,A7,78
201902,CLIENTES GRANDES,A8,94
201902,CLIENTES GRANDES,A9,86
201902,CLIENTES GRANDES,A10,95
201902,CLIENTES GRANDES,A11,88
201902,CLIENTES GRANDES,A12,93
201902,CLIENTES GRANDES,A13,92
201902,CLIENTES GRANDES,A14,88
201902,CLIENTES GRANDES,A15,89
201902,CLIENTES GRANDES,A16,81
201902,CLIENTES GRANDES,A17,76
201902,CLIENTES GRANDES,A18,89
201902,CLIENTES GRANDES,A19,100
201902,CLIENTES GRANDES,A20,100
201902,CLIENTES GRANDES,A21,93
201902,CLIENTES GRANDES,A22,94
201902,CLIENTES GRANDES,A23,100
201902,CLIENTES GRANDES,A24,87
201902,CLIENTES PEQUEÑOS,A1,43
201902,CLIENTES PEQUEÑOS,A2,28
201902,CLIENTES PEQUEÑOS,A3,22
201902,CLIENTES PEQUEÑOS,A4,66
201902,CLIENTES PEQUEÑOS,A5,30
201902,CLIENTES PEQUEÑOS,A6,4
201902,CLIENTES PEQUEÑOS,A7,3
201902,CLIENTES PEQUEÑOS,A8,22
201902,CLIENTES PEQUEÑOS,A9,30
201902,CLIENTES PEQUEÑOS,A10,27
201902,CLIENTES PEQUEÑOS,A11,31
201902,CLIENTES PEQUEÑOS,A14,35
201902,CLIENTES PEQUEÑOS,A15,6
201902,CLIENTES PEQUEÑOS,A16,4
201902,CLIENTES PEQUEÑOS,A17,10
201902,CLIENTES PEQUEÑOS,A18,79
201902,CLIENTES PEQUEÑOS,A19,66
201902,CLIENTES PEQUEÑOS,A20,59
201902,CLIENTES PEQUEÑOS,A21,65
201902,CLIENTES PEQUEÑOS,A22,34
201902,CLIENTES PEQUEÑOS,A23,72
201903,CLIENTES GRANDES,A1,93
201903,CLIENTES GRANDES,A2,100
201903,CLIENTES GRANDES,A3,84
201903,CLIENTES GRANDES,A4,100
201903,CLIENTES GRANDES,A5,93
201903,CLIENTES GRANDES,A6,85
201903,CLIENTES GRANDES,A7,80
201903,CLIENTES GRANDES,A8,94
201903,CLIENTES GRANDES,A9,87
201903,CLIENTES GRANDES,A10,93
201903,CLIENTES GRANDES,A11,88
201903,CLIENTES GRANDES,A12,93
201903,CLIENTES GRANDES,A13,93
201903,CLIENTES GRANDES,A14,91
201903,CLIENTES GRANDES,A15,88
201903,CLIENTES GRANDES,A16,81
201903,CLIENTES GRANDES,A17,75
201903,CLIENTES GRANDES,A18,88
201903,CLIENTES GRANDES,A19,100
201903,CLIENTES GRANDES,A20,100
201903,CLIENTES GRANDES,A21,93
201903,CLIENTES GRANDES,A22,95
201903,CLIENTES GRANDES,A23,100
201903,CLIENTES GRANDES,A24,87
201903,CLIENTES PEQUEÑOS,A1,44
201903,CLIENTES PEQUEÑOS,A2,28
201903,CLIENTES PEQUEÑOS,A3,25
201903,CLIENTES PEQUEÑOS,A4,67
201903,CLIENTES PEQUEÑOS,A5,31
201903,CLIENTES PEQUEÑOS,A6,4
201903,CLIENTES PEQUEÑOS,A7,2
201903,CLIENTES PEQUEÑOS,A8,23
201903,CLIENTES PEQUEÑOS,A9,32
201903,CLIENTES PEQUEÑOS,A10,29
201903,CLIENTES PEQUEÑOS,A11,29
201903,CLIENTES PEQUEÑOS,A14,36
201903,CLIENTES PEQUEÑOS,A15,6
201903,CLIENTES PEQUEÑOS,A16,4
201903,CLIENTES PEQUEÑOS,A17,9
201903,CLIENTES PEQUEÑOS,A18,79
201903,CLIENTES PEQUEÑOS,A19,66
201903,CLIENTES PEQUEÑOS,A20,58
201903,CLIENTES PEQUEÑOS,A21,66
201903,CLIENTES PEQUEÑOS,A22,35
201903,CLIENTES PEQUEÑOS,A23,71
201904,CLIENTES GRANDES,A1,93
201904,CLIENTES GRANDES,A2,100
201904,CLIENTES GRANDES,A3,85
201904,CLIENTES GRANDES,A4,100
201904,CLIENTES GRANDES,A5,92
201904,CLIENTES GRANDES,A6,85
201904,CLIENTES GRANDES,A7,80
201904,CLIENTES GRANDES,A8,93
201904,CLIENTES GRANDES,A9,86
201904,CLIENTES GRANDES,A10,91
201904,CLIENTES GRANDES,A11,88
201904,CLIENTES GRANDES,A12,92
201904,CLIENTES GRANDES,A13,91
201904,CLIENTES GRANDES,A14,94
201904,CLIENTES GRANDES,A15,86
201904,CLIENTES GRANDES,A16,80
201904,CLIENTES GRANDES,A17,83
201904,CLIENTES GRANDES,A18,90
201904,CLIENTES GRANDES,A19,100
201904,CLIENTES GRANDES,A20,100
201904,CLIENTES GRANDES,A21,93
201904,CLIENTES GRANDES,A22,98
201904,CLIENTES GRANDES,A23,100
201904,CLIENTES GRANDES,A24,87
201904,CLIENTES PEQUEÑOS,A1,46
201904,CLIENTES PEQUEÑOS,A2,29
201904,CLIENTES PEQUEÑOS,A3,24
201904,CLIENTES PEQUEÑOS,A4,69
201904,CLIENTES PEQUEÑOS,A5,32
201904,CLIENTES PEQUEÑOS,A6,4
201904,CLIENTES PEQUEÑOS,A7,2
201904,CLIENTES PEQUEÑOS,A8,25
201904,CLIENTES PEQUEÑOS,A9,32
201904,CLIENTES PEQUEÑOS,A10,29
201904,CLIENTES PEQUEÑOS,A11,31
201904,CLIENTES PEQUEÑOS,A14,35
201904,CLIENTES PEQUEÑOS,A15,6
201904,CLIENTES PEQUEÑOS,A16,4
201904,CLIENTES PEQUEÑOS,A17,10
201904,CLIENTES PEQUEÑOS,A18,80
201904,CLIENTES PEQUEÑOS,A19,66
201904,CLIENTES PEQUEÑOS,A20,60
201904,CLIENTES PEQUEÑOS,A21,64
201904,CLIENTES PEQUEÑOS,A22,37
201904,CLIENTES PEQUEÑOS,A23,71
201905,CLIENTES GRANDES,A1,92
201905,CLIENTES GRANDES,A2,100
201905,CLIENTES GRANDES,A3,85
201905,CLIENTES GRANDES,A4,100
201905,CLIENTES GRANDES,A5,93
201905,CLIENTES GRANDES,A6,85
201905,CLIENTES GRANDES,A7,79
201905,CLIENTES GRANDES,A8,93
201905,CLIENTES GRANDES,A9,86
201905,CLIENTES GRANDES,A10,91
201905,CLIENTES GRANDES,A11,88
201905,CLIENTES GRANDES,A12,92
201905,CLIENTES GRANDES,A13,91
201905,CLIENTES GRANDES,A14,93
201905,CLIENTES GRANDES,A15,85
201905,CLIENTES GRANDES,A16,80
201905,CLIENTES GRANDES,A17,85
201905,CLIENTES GRANDES,A18,91
201905,CLIENTES GRANDES,A19,100
201905,CLIENTES GRANDES,A20,100
201905,CLIENTES GRANDES,A21,93
201905,CLIENTES GRANDES,A22,97
201905,CLIENTES GRANDES,A23,100
201905,CLIENTES GRANDES,A24,86
201905,CLIENTES PEQUEÑOS,A1,45
201905,CLIENTES PEQUEÑOS,A2,27
201905,CLIENTES PEQUEÑOS,A3,24
201905,CLIENTES PEQUEÑOS,A4,68
201905,CLIENTES PEQUEÑOS,A5,30
201905,CLIENTES PEQUEÑOS,A6,3
201905,CLIENTES PEQUEÑOS,A7,3
201905,CLIENTES PEQUEÑOS,A8,23
201905,CLIENTES PEQUEÑOS,A9,32
201905,CLIENTES PEQUEÑOS,A10,28
201905,CLIENTES PEQUEÑOS,A11,32
201905,CLIENTES PEQUEÑOS,A14,33
201905,CLIENTES PEQUEÑOS,A15,6
201905,CLIENTES PEQUEÑOS,A16,5
201905,CLIENTES PEQUEÑOS,A17,9
201905,CLIENTES PEQUEÑOS,A18,82
201905,CLIENTES PEQUEÑOS,A19,67
201905,CLIENTES PEQUEÑOS,A20,61
201905,CLIENTES PEQUEÑOS,A21,64
201905,CLIENTES PEQUEÑOS,A22,38
201905,CLIENTES PEQUEÑOS,A23,71
201905,CLIENTES PEQUEÑOS,A25,5
201906,CLIENTES GRANDES,A1,92
201906,CLIENTES GRANDES,A2,100
201906,CLIENTES GRANDES,A3,84
201906,CLIENTES GRANDES,A4,100
201906,CLIENTES GRANDES,A5,93
201906,CLIENTES GRANDES,A6,85
201906,CLIENTES GRANDES,A7,79
201906,CLIENTES GRANDES,A8,93
201906,CLIENTES GRANDES,A9,86
201906,CLIENTES GRANDES,A10,91
201906,CLIENTES GRANDES,A11,87
201906,CLIENTES GRANDES,A12,92
201906,CLIENTES GRANDES,A13,91
201906,CLIENTES GRANDES,A14,90
201906,CLIENTES GRANDES,A15,85
201906,CLIENTES GRANDES,A16,78
201906,CLIENTES GRANDES,A17,86
201906,CLIENTES GRANDES,A18,90
201906,CLIENTES GRANDES,A19,100
201906,CLIENTES GRANDES,A20,100
201906,CLIENTES GRANDES,A21,93
201906,CLIENTES GRANDES,A22,98
201906,CLIENTES GRANDES,A23,100
201906,CLIENTES GRANDES,A24,86
201906,CLIENTES PEQUEÑOS,A1,46
201906,CLIENTES PEQUEÑOS,A2,29
201906,CLIENTES PEQUEÑOS,A3,25
201906,CLIENTES PEQUEÑOS,A4,69
201906,CLIENTES PEQUEÑOS,A5,33
201906,CLIENTES PEQUEÑOS,A6,4
201906,CLIENTES PEQUEÑOS,A7,3
201906,CLIENTES PEQUEÑOS,A8,25
201906,CLIENTES PEQUEÑOS,A9,31
201906,CLIENTES PEQUEÑOS,A10,30
201906,CLIENTES PEQUEÑOS,A11,34
201906,CLIENTES PEQUEÑOS,A14,34
201906,CLIENTES PEQUEÑOS,A15,6
201906,CLIENTES PEQUEÑOS,A16,5
201906,CLIENTES PEQUEÑOS,A17,10
201906,CLIENTES PEQUEÑOS,A18,83
201906,CLIENTES PEQUEÑOS,A19,67
201906,CLIENTES PEQUEÑOS,A20,62
201906,CLIENTES PEQUEÑOS,A21,66
201906,CLIENTES PEQUEÑOS,A22,39
201906,CLIENTES PEQUEÑOS,A23,71
201906,CLIENTES PEQUEÑOS,A25,18
201907,CLIENTES GRANDES,A1,92
201907,CLIENTES GRANDES,A2,100
201907,CLIENTES GRANDES,A3,83
201907,CLIENTES GRANDES,A4,100
201907,CLIENTES GRANDES,A5,93
201907,CLIENTES GRANDES,A6,84
201907,CLIENTES GRANDES,A7,78
201907,CLIENTES GRANDES,A8,94
201907,CLIENTES GRANDES,A9,86
201907,CLIENTES GRANDES,A10,91
201907,CLIENTES GRANDES,A11,88
201907,CLIENTES GRANDES,A12,92
201907,CLIENTES GRANDES,A13,90
201907,CLIENTES GRANDES,A14,90
201907,CLIENTES GRANDES,A15,87
201907,CLIENTES GRANDES,A16,78
201907,CLIENTES GRANDES,A17,84
201907,CLIENTES GRANDES,A18,90
201907,CLIENTES GRANDES,A19,100
201907,CLIENTES GRANDES,A20,100
201907,CLIENTES GRANDES,A21,93
201907,CLIENTES GRANDES,A22,98
201907,CLIENTES GRANDES,A23,100
201907,CLIENTES GRANDES,A24,87
201907,CLIENTES GRANDES,A25,22
201907,CLIENTES PEQUEÑOS,A1,48
201907,CLIENTES PEQUEÑOS,A2,31
201907,CLIENTES PEQUEÑOS,A3,25
201907,CLIENTES PEQUEÑOS,A4,69
201907,CLIENTES PEQUEÑOS,A5,33
201907,CLIENTES PEQUEÑOS,A6,4
201907,CLIENTES PEQUEÑOS,A7,3
201907,CLIENTES PEQUEÑOS,A8,27
201907,CLIENTES PEQUEÑOS,A9,31
201907,CLIENTES PEQUEÑOS,A10,31
201907,CLIENTES PEQUEÑOS,A11,34
201907,CLIENTES PEQUEÑOS,A14,35
201907,CLIENTES PEQUEÑOS,A15,6
201907,CLIENTES PEQUEÑOS,A16,5
201907,CLIENTES PEQUEÑOS,A17,11
201907,CLIENTES PEQUEÑOS,A18,83
201907,CLIENTES PEQUEÑOS,A19,67
201907,CLIENTES PEQUEÑOS,A20,63
201907,CLIENTES PEQUEÑOS,A21,66
201907,CLIENTES PEQUEÑOS,A22,41
201907,CLIENTES PEQUEÑOS,A23,72
201907,CLIENTES PEQUEÑOS,A25,22
201908,CLIENTES GRANDES,A1,90
201908,CLIENTES GRANDES,A2,100
201908,CLIENTES GRANDES,A3,83
201908,CLIENTES GRANDES,A4,100
201908,CLIENTES GRANDES,A5,100
201908,CLIENTES GRANDES,A6,91
201908,CLIENTES GRANDES,A7,78
201908,CLIENTES GRANDES,A8,99
201908,CLIENTES GRANDES,A9,85
201908,CLIENTES GRANDES,A10,91
201908,CLIENTES GRANDES,A11,86
201908,CLIENTES GRANDES,A12,91
201908,CLIENTES GRANDES,A13,91
201908,CLIENTES GRANDES,A14,90
201908,CLIENTES GRANDES,A15,87
201908,CLIENTES GRANDES,A16,79
201908,CLIENTES GRANDES,A17,82
201908,CLIENTES GRANDES,A18,88
201908,CLIENTES GRANDES,A19,100
201908,CLIENTES GRANDES,A20,100
201908,CLIENTES GRANDES,A21,92
201908,CLIENTES GRANDES,A22,98
201908,CLIENTES GRANDES,A23,100
201908,CLIENTES GRANDES,A24,85
201908,CLIENTES GRANDES,A26,21
201908,CLIENTES GRANDES,A25,81
201908,CLIENTES PEQUEÑOS,A1,48
201908,CLIENTES PEQUEÑOS,A2,30
201908,CLIENTES PEQUEÑOS,A3,23
201908,CLIENTES PEQUEÑOS,A4,70
201908,CLIENTES PEQUEÑOS,A5,32
201908,CLIENTES PEQUEÑOS,A6,4
201908,CLIENTES PEQUEÑOS,A7,3
201908,CLIENTES PEQUEÑOS,A8,26
201908,CLIENTES PEQUEÑOS,A9,29
201908,CLIENTES PEQUEÑOS,A10,31
201908,CLIENTES PEQUEÑOS,A11,34
201908,CLIENTES PEQUEÑOS,A14,36
201908,CLIENTES PEQUEÑOS,A15,6
201908,CLIENTES PEQUEÑOS,A16,5
201908,CLIENTES PEQUEÑOS,A17,11
201908,CLIENTES PEQUEÑOS,A18,83
201908,CLIENTES PEQUEÑOS,A19,65
201908,CLIENTES PEQUEÑOS,A20,61
201908,CLIENTES PEQUEÑOS,A21,66
201908,CLIENTES PEQUEÑOS,A22,42
201908,CLIENTES PEQUEÑOS,A23,74
201908,CLIENTES PEQUEÑOS,A25,22
201909,CLIENTES GRANDES,A1,92
201909,CLIENTES GRANDES,A2,100
201909,CLIENTES GRANDES,A3,82
201909,CLIENTES GRANDES,A4,100
201909,CLIENTES GRANDES,A5,100
201909,CLIENTES GRANDES,A6,92
201909,CLIENTES GRANDES,A7,77
201909,CLIENTES GRANDES,A8,99
201909,CLIENTES GRANDES,A9,85
201909,CLIENTES GRANDES,A10,93
201909,CLIENTES GRANDES,A11,86
201909,CLIENTES GRANDES,A12,91
201909,CLIENTES GRANDES,A13,91
201909,CLIENTES GRANDES,A14,84
201909,CLIENTES GRANDES,A15,86
201909,CLIENTES GRANDES,A16,79
201909,CLIENTES GRANDES,A17,84
201909,CLIENTES GRANDES,A18,88
201909,CLIENTES GRANDES,A19,100
201909,CLIENTES GRANDES,A20,100
201909,CLIENTES GRANDES,A21,92
201909,CLIENTES GRANDES,A22,94
201909,CLIENTES GRANDES,A23,100
201909,CLIENTES GRANDES,A24,85
201909,CLIENTES GRANDES,A26,31
201909,CLIENTES GRANDES,A25,81
201909,CLIENTES PEQUEÑOS,A1,47
201909,CLIENTES PEQUEÑOS,A2,30
201909,CLIENTES PEQUEÑOS,A3,24
201909,CLIENTES PEQUEÑOS,A4,68
201909,CLIENTES PEQUEÑOS,A5,32
201909,CLIENTES PEQUEÑOS,A6,4
201909,CLIENTES PEQUEÑOS,A7,3
201909,CLIENTES PEQUEÑOS,A8,27
201909,CLIENTES PEQUEÑOS,A9,30
201909,CLIENTES PEQUEÑOS,A10,32
201909,CLIENTES PEQUEÑOS,A11,31
201909,CLIENTES PEQUEÑOS,A14,34
201909,CLIENTES PEQUEÑOS,A15,7
201909,CLIENTES PEQUEÑOS,A16,5
201909,CLIENTES PEQUEÑOS,A17,12
201909,CLIENTES PEQUEÑOS,A18,82
201909,CLIENTES PEQUEÑOS,A19,66
201909,CLIENTES PEQUEÑOS,A20,61
201909,CLIENTES PEQUEÑOS,A21,66
201909,CLIENTES PEQUEÑOS,A22,40
201909,CLIENTES PEQUEÑOS,A23,74
201909,CLIENTES PEQUEÑOS,A25,24
201910,CLIENTES GRANDES,A1,92
201910,CLIENTES GRANDES,A2,100
201910,CLIENTES GRANDES,A3,83
201910,CLIENTES GRANDES,A4,100
201910,CLIENTES GRANDES,A5,100
201910,CLIENTES GRANDES,A6,92
201910,CLIENTES GRANDES,A7,77
201910,CLIENTES GRANDES,A8,100
201910,CLIENTES GRANDES,A9,85
201910,CLIENTES GRANDES,A10,94
201910,CLIENTES GRANDES,A11,85
201910,CLIENTES GRANDES,A12,91
201910,CLIENTES GRANDES,A13,91
201910,CLIENTES GRANDES,A14,91
201910,CLIENTES GRANDES,A15,86
201910,CLIENTES GRANDES,A16,78
201910,CLIENTES GRANDES,A17,84
201910,CLIENTES GRANDES,A18,90
201910,CLIENTES GRANDES,A19,100
201910,CLIENTES GRANDES,A20,100
201910,CLIENTES GRANDES,A21,92
201910,CLIENTES GRANDES,A22,95
201910,CLIENTES GRANDES,A23,100
201910,CLIENTES GRANDES,A24,85
201910,CLIENTES GRANDES,A26,32
201910,CLIENTES GRANDES,A25,80
201910,CLIENTES PEQUEÑOS,A1,49
201910,CLIENTES PEQUEÑOS,A2,30
201910,CLIENTES PEQUEÑOS,A3,22
201910,CLIENTES PEQUEÑOS,A4,68
201910,CLIENTES PEQUEÑOS,A5,31
201910,CLIENTES PEQUEÑOS,A6,4
201910,CLIENTES PEQUEÑOS,A7,3
201910,CLIENTES PEQUEÑOS,A8,28
201910,CLIENTES PEQUEÑOS,A9,28
201910,CLIENTES PEQUEÑOS,A10,30
201910,CLIENTES PEQUEÑOS,A11,32
201910,CLIENTES PEQUEÑOS,A14,34
201910,CLIENTES PEQUEÑOS,A15,6
201910,CLIENTES PEQUEÑOS,A16,5
201910,CLIENTES PEQUEÑOS,A17,10
201910,CLIENTES PEQUEÑOS,A18,82
201910,CLIENTES PEQUEÑOS,A19,66
201910,CLIENTES PEQUEÑOS,A20,61
201910,CLIENTES PEQUEÑOS,A21,64
201910,CLIENTES PEQUEÑOS,A22,38
201910,CLIENTES PEQUEÑOS,A23,74
201910,CLIENTES PEQUEÑOS,A25,21
201911,CLIENTES GRANDES,A1,92
201911,CLIENTES GRANDES,A2,100
201911,CLIENTES GRANDES,A3,84
201911,CLIENTES GRANDES,A4,100
201911,CLIENTES GRANDES,A5,100
201911,CLIENTES GRANDES,A6,92
201911,CLIENTES GRANDES,A7,76
201911,CLIENTES GRANDES,A8,100
201911,CLIENTES GRANDES,A9,84
201911,CLIENTES GRANDES,A10,95
201911,CLIENTES GRANDES,A11,85
201911,CLIENTES GRANDES,A12,91
201911,CLIENTES GRANDES,A13,91
201911,CLIENTES GRANDES,A14,90
201911,CLIENTES GRANDES,A15,86
201911,CLIENTES GRANDES,A16,79
201911,CLIENTES GRANDES,A17,83
201911,CLIENTES GRANDES,A18,90
201911,CLIENTES GRANDES,A19,100
201911,CLIENTES GRANDES,A20,100
201911,CLIENTES GRANDES,A21,92
201911,CLIENTES GRANDES,A22,95
201911,CLIENTES GRANDES,A23,100
201911,CLIENTES GRANDES,A24,85
201911,CLIENTES GRANDES,A26,32
201911,CLIENTES GRANDES,A25,82
201911,CLIENTES PEQUEÑOS,A1,46
201911,CLIENTES PEQUEÑOS,A2,30
201911,CLIENTES PEQUEÑOS,A3,22
201911,CLIENTES PEQUEÑOS,A4,66
201911,CLIENTES PEQUEÑOS,A5,31
201911,CLIENTES PEQUEÑOS,A6,4
201911,CLIENTES PEQUEÑOS,A7,3
201911,CLIENTES PEQUEÑOS,A8,26
201911,CLIENTES PEQUEÑOS,A9,29
201911,CLIENTES PEQUEÑOS,A10,29
201911,CLIENTES PEQUEÑOS,A11,30
201911,CLIENTES PEQUEÑOS,A14,32
201911,CLIENTES PEQUEÑOS,A15,6
201911,CLIENTES PEQUEÑOS,A16,5
201911,CLIENTES PEQUEÑOS,A17,9
201911,CLIENTES PEQUEÑOS,A18,81
201911,CLIENTES PEQUEÑOS,A19,65
201911,CLIENTES PEQUEÑOS,A20,60
201911,CLIENTES PEQUEÑOS,A21,64
201911,CLIENTES PEQUEÑOS,A22,37
201911,CLIENTES PEQUEÑOS,A23,73
201911,CLIENTES PEQUEÑOS,A25,20
201912,CLIENTES GRANDES,A1,93
201912,CLIENTES GRANDES,A2,100
201912,CLIENTES GRANDES,A3,85
201912,CLIENTES GRANDES,A4,100
201912,CLIENTES GRANDES,A5,100
201912,CLIENTES GRANDES,A6,93
201912,CLIENTES GRANDES,A7,79
201912,CLIENTES GRANDES,A8,100
201912,CLIENTES GRANDES,A9,87
201912,CLIENTES GRANDES,A10,95
201912,CLIENTES GRANDES,A11,88
201912,CLIENTES GRANDES,A12,92
201912,CLIENTES GRANDES,A13,92
201912,CLIENTES GRANDES,A14,87
201912,CLIENTES GRANDES,A15,86
201912,CLIENTES GRANDES,A16,80
201912,CLIENTES GRANDES,A17,85
201912,CLIENTES GRANDES,A18,91
201912,CLIENTES GRANDES,A19,100
201912,CLIENTES GRANDES,A20,100
201912,CLIENTES GRANDES,A21,93
201912,CLIENTES GRANDES,A22,95
201912,CLIENTES GRANDES,A23,100
201912,CLIENTES GRANDES,A24,87
201912,CLIENTES GRANDES,A26,48
201912,CLIENTES GRANDES,A25,83
201912,CLIENTES PEQUEÑOS,A1,46
201912,CLIENTES PEQUEÑOS,A2,31
201912,CLIENTES PEQUEÑOS,A3,22
201912,CLIENTES PEQUEÑOS,A4,64
201912,CLIENTES PEQUEÑOS,A5,31
201912,CLIENTES PEQUEÑOS,A6,4
201912,CLIENTES PEQUEÑOS,A7,3
201912,CLIENTES PEQUEÑOS,A8,24
201912,CLIENTES PEQUEÑOS,A9,30
201912,CLIENTES PEQUEÑOS,A10,29
201912,CLIENTES PEQUEÑOS,A11,29
201912,CLIENTES PEQUEÑOS,A14,30
201912,CLIENTES PEQUEÑOS,A15,6
201912,CLIENTES PEQUEÑOS,A16,5
201912,CLIENTES PEQUEÑOS,A17,9
201912,CLIENTES PEQUEÑOS,A18,83
201912,CLIENTES PEQUEÑOS,A19,66
201912,CLIENTES PEQUEÑOS,A20,61
201912,CLIENTES PEQUEÑOS,A21,66
201912,CLIENTES PEQUEÑOS,A22,36
201912,CLIENTES PEQUEÑOS,A23,75
201912,CLIENTES PEQUEÑOS,A25,21
202001,CLIENTES GRANDES,A1,92
202001,CLIENTES GRANDES,A2,100
202001,CLIENTES GRANDES,A3,84
202001,CLIENTES GRANDES,A4,100
202001,CLIENTES GRANDES,A5,100
202001,CLIENTES GRANDES,A6,92
202001,CLIENTES GRANDES,A7,78
202001,CLIENTES GRANDES,A8,100
202001,CLIENTES GRANDES,A9,85
202001,CLIENTES GRANDES,A10,93
202001,CLIENTES GRANDES,A11,86
202001,CLIENTES GRANDES,A12,91
202001,CLIENTES GRANDES,A13,92
202001,CLIENTES GRANDES,A14,83
202001,CLIENTES GRANDES,A15,86
202001,CLIENTES GRANDES,A16,79
202001,CLIENTES GRANDES,A17,83
202001,CLIENTES GRANDES,A18,91
202001,CLIENTES GRANDES,A19,100
202001,CLIENTES GRANDES,A20,100
202001,CLIENTES GRANDES,A21,93
202001,CLIENTES GRANDES,A22,95
202001,CLIENTES GRANDES,A23,100
202001,CLIENTES GRANDES,A24,86
202001,CLIENTES GRANDES,A26,62
202001,CLIENTES GRANDES,A25,82
202001,CLIENTES PEQUEÑOS,A1,47
202001,CLIENTES PEQUEÑOS,A2,30
202001,CLIENTES PEQUEÑOS,A3,23
202001,CLIENTES PEQUEÑOS,A4,65
202001,CLIENTES PEQUEÑOS,A5,30
202001,CLIENTES PEQUEÑOS,A6,3
202001,CLIENTES PEQUEÑOS,A7,2
202001,CLIENTES PEQUEÑOS,A8,27
202001,CLIENTES PEQUEÑOS,A9,31
202001,CLIENTES PEQUEÑOS,A10,29
202001,CLIENTES PEQUEÑOS,A11,32
202001,CLIENTES PEQUEÑOS,A14,31
202001,CLIENTES PEQUEÑOS,A15,6
202001,CLIENTES PEQUEÑOS,A16,5
202001,CLIENTES PEQUEÑOS,A17,10
202001,CLIENTES PEQUEÑOS,A18,84
202001,CLIENTES PEQUEÑOS,A19,65
202001,CLIENTES PEQUEÑOS,A20,61
202001,CLIENTES PEQUEÑOS,A21,66
202001,CLIENTES PEQUEÑOS,A22,37
202001,CLIENTES PEQUEÑOS,A23,74
202001,CLIENTES PEQUEÑOS,A25,22
202002,CLIENTES GRANDES,A1,91
202002,CLIENTES GRANDES,A2,100
202002,CLIENTES GRANDES,A3,83
202002,CLIENTES GRANDES,A4,100
202002,CLIENTES GRANDES,A5,100
202002,CLIENTES GRANDES,A6,92
202002,CLIENTES GRANDES,A7,82
202002,CLIENTES GRANDES,A8,100
202002,CLIENTES GRANDES,A9,84
202002,CLIENTES GRANDES,A10,95
202002,CLIENTES GRANDES,A11,87
202002,CLIENTES GRANDES,A12,91
202002,CLIENTES GRANDES,A13,91
202002,CLIENTES GRANDES,A14,84
202002,CLIENTES GRANDES,A15,85
202002,CLIENTES GRANDES,A16,78
202002,CLIENTES GRANDES,A17,83
202002,CLIENTES GRANDES,A18,89
202002,CLIENTES GRANDES,A19,99
202002,CLIENTES GRANDES,A20,100
202002,CLIENTES GRANDES,A21,92
202002,CLIENTES GRANDES,A22,93
202002,CLIENTES GRANDES,A23,100
202002,CLIENTES GRANDES,A24,86
202002,CLIENTES GRANDES,A26,60
202002,CLIENTES GRANDES,A25,81
202002,CLIENTES PEQUEÑOS,A1,47
202002,CLIENTES PEQUEÑOS,A2,30
202002,CLIENTES PEQUEÑOS,A3,24
202002,CLIENTES PEQUEÑOS,A4,65
202002,CLIENTES PEQUEÑOS,A5,29
202002,CLIENTES PEQUEÑOS,A6,3
202002,CLIENTES PEQUEÑOS,A7,3
202002,CLIENTES PEQUEÑOS,A8,27
202002,CLIENTES PEQUEÑOS,A9,30
202002,CLIENTES PEQUEÑOS,A10,29
202002,CLIENTES PEQUEÑOS,A11,30
202002,CLIENTES PEQUEÑOS,A14,29
202002,CLIENTES PEQUEÑOS,A15,6
202002,CLIENTES PEQUEÑOS,A16,5
202002,CLIENTES PEQUEÑOS,A17,10
202002,CLIENTES PEQUEÑOS,A18,84
202002,CLIENTES PEQUEÑOS,A19,64
202002,CLIENTES PEQUEÑOS,A20,58
202002,CLIENTES PEQUEÑOS,A21,65
202002,CLIENTES PEQUEÑOS,A22,36
202002,CLIENTES PEQUEÑOS,A23,72
202002,CLIENTES PEQUEÑOS,A25,23
202003,CLIENTES GRANDES,A1,91
202003,CLIENTES GRANDES,A2,100
202003,CLIENTES GRANDES,A3,82
202003,CLIENTES GRANDES,A4,100
202003,CLIENTES GRANDES,A5,100
202003,CLIENTES GRANDES,A6,92
202003,CLIENTES GRANDES,A7,81
202003,CLIENTES GRANDES,A8,100
202003,CLIENTES GRANDES,A9,83
202003,CLIENTES GRANDES,A10,94
202003,CLIENTES GRANDES,A11,86
202003,CLIENTES GRANDES,A12,90
202003,CLIENTES GRANDES,A13,90
202003,CLIENTES GRANDES,A14,86
202003,CLIENTES GRANDES,A15,84
202003,CLIENTES GRANDES,A16,78
202003,CLIENTES GRANDES,A17,82
202003,CLIENTES GRANDES,A18,89
202003,CLIENTES GRANDES,A19,100
202003,CLIENTES GRANDES,A20,100
202003,CLIENTES GRANDES,A21,91
202003,CLIENTES GRANDES,A22,95
202003,CLIENTES GRANDES,A23,100
202003,CLIENTES GRANDES,A24,85
202003,CLIENTES GRANDES,A26,61
202003,CLIENTES GRANDES,A25,64
202003,CLIENTES PEQUEÑOS,A1,45
202003,CLIENTES PEQUEÑOS,A2,28
202003,CLIENTES PEQUEÑOS,A3,23
202003,CLIENTES PEQUEÑOS,A4,62
202003,CLIENTES PEQUEÑOS,A5,29
202003,CLIENTES PEQUEÑOS,A6,4
202003,CLIENTES PEQUEÑOS,A7,4
202003,CLIENTES PEQUEÑOS,A8,25
202003,CLIENTES PEQUEÑOS,A9,30
202003,CLIENTES PEQUEÑOS,A10,26
202003,CLIENTES PEQUEÑOS,A11,30
202003,CLIENTES PEQUEÑOS,A14,30
202003,CLIENTES PEQUEÑOS,A15,5
202003,CLIENTES PEQUEÑOS,A16,4
202003,CLIENTES PEQUEÑOS,A17,9
202003,CLIENTES PEQUEÑOS,A18,83
202003,CLIENTES PEQUEÑOS,A19,63
202003,CLIENTES PEQUEÑOS,A20,57
202003,CLIENTES PEQUEÑOS,A21,63
202003,CLIENTES PEQUEÑOS,A22,33
202003,CLIENTES PEQUEÑOS,A23,70
202003,CLIENTES PEQUEÑOS,A25,21
202004,CLIENTES GRANDES,A1,92
202004,CLIENTES GRANDES,A2,100
202004,CLIENTES GRANDES,A3,84
202004,CLIENTES GRANDES,A4,100
202004,CLIENTES GRANDES,A5,100
202004,CLIENTES GRANDES,A6,92
202004,CLIENTES GRANDES,A7,78
202004,CLIENTES GRANDES,A8,100
202004,CLIENTES GRANDES,A9,85
202004,CLIENTES GRANDES,A10,93
202004,CLIENTES GRANDES,A11,86
202004,CLIENTES GRANDES,A12,91
202004,CLIENTES GRANDES,A13,92
202004,CLIENTES GRANDES,A14,83
202004,CLIENTES GRANDES,A15,86
202004,CLIENTES GRANDES,A16,79
202004,CLIENTES GRANDES,A17,83
202004,CLIENTES GRANDES,A18,91
202004,CLIENTES GRANDES,A19,100
202004,CLIENTES GRANDES,A20,100
202004,CLIENTES GRANDES,A21,93
202004,CLIENTES GRANDES,A22,95
202004,CLIENTES GRANDES,A23,100
202004,CLIENTES GRANDES,A24,86
202004,CLIENTES GRANDES,A26,62
202004,CLIENTES GRANDES,A25,82
202004,CLIENTES PEQUEÑOS,A1,47
202004,CLIENTES PEQUEÑOS,A2,30
202004,CLIENTES PEQUEÑOS,A3,23
202004,CLIENTES PEQUEÑOS,A4,65
202004,CLIENTES PEQUEÑOS,A5,30
202004,CLIENTES PEQUEÑOS,A6,3
202004,CLIENTES PEQUEÑOS,A7,2
202004,CLIENTES PEQUEÑOS,A8,27
202004,CLIENTES PEQUEÑOS,A9,31
202004,CLIENTES PEQUEÑOS,A10,29
202004,CLIENTES PEQUEÑOS,A11,32
202004,CLIENTES PEQUEÑOS,A14,31
202004,CLIENTES PEQUEÑOS,A15,6
202004,CLIENTES PEQUEÑOS,A16,5
202004,CLIENTES PEQUEÑOS,A17,10
202004,CLIENTES PEQUEÑOS,A18,84
202004,CLIENTES PEQUEÑOS,A19,65
202004,CLIENTES PEQUEÑOS,A20,61
202004,CLIENTES PEQUEÑOS,A21,66
202004,CLIENTES PEQUEÑOS,A22,37
202004,CLIENTES PEQUEÑOS,A23,74
202004,CLIENTES PEQUEÑOS,A25,22
202005,CLIENTES GRANDES,A1,91
202005,CLIENTES GRANDES,A2,100
202005,CLIENTES GRANDES,A3,83
202005,CLIENTES GRANDES,A4,100
202005,CLIENTES GRANDES,A5,100
202005,CLIENTES GRANDES,A6,92
202005,CLIENTES GRANDES,A7,82
202005,CLIENTES GRANDES,A8,100
202005,CLIENTES GRANDES,A9,84
202005,CLIENTES GRANDES,A10,95
202005,CLIENTES GRANDES,A11,87
202005,CLIENTES GRANDES,A12,91
202005,CLIENTES GRANDES,A13,91
202005,CLIENTES GRANDES,A14,84
202005,CLIENTES GRANDES,A15,85
202005,CLIENTES GRANDES,A16,78
202005,CLIENTES GRANDES,A17,83
202005,CLIENTES GRANDES,A18,89
202005,CLIENTES GRANDES,A19,99
202005,CLIENTES GRANDES,A20,100
202005,CLIENTES GRANDES,A21,92
202005,CLIENTES GRANDES,A22,93
202005,CLIENTES GRANDES,A23,100
202005,CLIENTES GRANDES,A24,86
202005,CLIENTES GRANDES,A26,60
202005,CLIENTES GRANDES,A25,81
202005,CLIENTES PEQUEÑOS,A1,47
202005,CLIENTES PEQUEÑOS,A2,30
202005,CLIENTES PEQUEÑOS,A3,24
202005,CLIENTES PEQUEÑOS,A4,65
202005,CLIENTES PEQUEÑOS,A5,29
202005,CLIENTES PEQUEÑOS,A6,3
202005,CLIENTES PEQUEÑOS,A7,3
202005,CLIENTES PEQUEÑOS,A8,27
202005,CLIENTES PEQUEÑOS,A9,30
202005,CLIENTES PEQUEÑOS,A10,29
202005,CLIENTES PEQUEÑOS,A11,30
202005,CLIENTES PEQUEÑOS,A14,29
202005,CLIENTES PEQUEÑOS,A15,6
202005,CLIENTES PEQUEÑOS,A16,5
202005,CLIENTES PEQUEÑOS,A17,10
202005,CLIENTES PEQUEÑOS,A18,84
202005,CLIENTES PEQUEÑOS,A19,64
202005,CLIENTES PEQUEÑOS,A20,58
202005,CLIENTES PEQUEÑOS,A21,65
202005,CLIENTES PEQUEÑOS,A22,36
202005,CLIENTES PEQUEÑOS,A23,72
202005,CLIENTES PEQUEÑOS,A25,23
202006,CLIENTES GRANDES,A1,91
202006,CLIENTES GRANDES,A2,100
202006,CLIENTES GRANDES,A3,82
202006,CLIENTES GRANDES,A4,100
202006,CLIENTES GRANDES,A5,100
202006,CLIENTES GRANDES,A6,92
202006,CLIENTES GRANDES,A7,81
202006,CLIENTES GRANDES,A8,100
202006,CLIENTES GRANDES,A9,83
202006,CLIENTES GRANDES,A10,94
202006,CLIENTES GRANDES,A11,86
202006,CLIENTES GRANDES,A12,90
202006,CLIENTES GRANDES,A13,90
202006,CLIENTES GRANDES,A14,86
202006,CLIENTES GRANDES,A15,84
202006,CLIENTES GRANDES,A16,78
202006,CLIENTES GRANDES,A17,82
202006,CLIENTES GRANDES,A18,89
202006,CLIENTES GRANDES,A19,100
202006,CLIENTES GRANDES,A20,100
202006,CLIENTES GRANDES,A21,91
202006,CLIENTES GRANDES,A22,95
202006,CLIENTES GRANDES,A23,100
202006,CLIENTES GRANDES,A24,85
202006,CLIENTES GRANDES,A26,61
202006,CLIENTES GRANDES,A25,64
202006,CLIENTES PEQUEÑOS,A1,45
202006,CLIENTES PEQUEÑOS,A2,28
202006,CLIENTES PEQUEÑOS,A3,23
202006,CLIENTES PEQUEÑOS,A4,62
202006,CLIENTES PEQUEÑOS,A5,29
202006,CLIENTES PEQUEÑOS,A6,4
202006,CLIENTES PEQUEÑOS,A7,4
202006,CLIENTES PEQUEÑOS,A8,25
202006,CLIENTES PEQUEÑOS,A9,30
202006,CLIENTES PEQUEÑOS,A10,26
202006,CLIENTES PEQUEÑOS,A11,30
202006,CLIENTES PEQUEÑOS,A14,30
202006,CLIENTES PEQUEÑOS,A15,5
202006,CLIENTES PEQUEÑOS,A16,4
202006,CLIENTES PEQUEÑOS,A17,9
202006,CLIENTES PEQUEÑOS,A18,83
202006,CLIENTES PEQUEÑOS,A19,63
202006,CLIENTES PEQUEÑOS,A20,57
202006,CLIENTES PEQUEÑOS,A21,63
202006,CLIENTES PEQUEÑOS,A22,33
202006,CLIENTES PEQUEÑOS,A23,70
202006,CLIENTES PEQUEÑOS,A25,21
